ticket_id,issue_type,issue_description,case_owner,case_owner_description,street_address,city,state_province,zip_postal_code,neighborhood_district_ward_etc,created_year_month,ticket_created_date_time,ticket_last_updated_date_time,ticket_closed_date_time,ticket_status,x_coordinate,y_coordinate,latitude,longitude,location_geo_coded,method_received,goal_days,actual_completed_days,days_open
18-10212627,ANIMAL BITE TO A PERSON,NA,Animal_Services,Animal Services,148 IROQUOIS ST,City_of_Miami_Springs,Florida,33166,District 6,20185,2018-05-30,2018-06-01,NA,OPEN,887483.498,540823.123,25.819823,-80.296813,"148 IROQUOIS ST
MIAMI, Florida 33166
(25.819823, -80.296813)",FAX,14,NA,18
18-10214312,ANIMAL BITE TO A PERSON,NA,Animal_Services,Animal Services,11021 SW 142ND AVE,Miami_Dade_County,Florida,33186,District 11,20185,2018-05-30,2018-06-04,NA,OPEN,845917.316,484160.623,25.664482,-80.423918,"11021 SW 142ND AVE
MIAMI, Florida 33186
(25.664482, -80.423918)",FAX,14,NA,18
18-10214866,STRAY / DOG-AT-LARGE,NA,Animal_Services,Animal Services,1252 NW 46TH ST,City_of_Miami,Florida,33142,District 3,20185,2018-05-31,2018-06-01,NA,OPEN,913666.123,539990.125,25.817124,-80.21724,"1252 NW 46TH ST
MIAMI, Florida 33142
(25.817124, -80.21724)",PHONE,3,NA,17
18-10215538,STRAY / DOG-AT-LARGE,NA,Animal_Services,Animal Services,21200 NW 2ND AVE,City_of_Miami_Gardens,Florida,33169,District 1,20185,2018-05-31,2018-06-01,NA,OPEN,916796.42,596321.132,25.972047,-80.20669,"21200 NW 2ND AVE
MIAMI, Florida 33169
(25.972047, -80.20669)",WEB,3,NA,17
18-10216495,STRAY / DOG-AT-LARGE,NA,Animal_Services,Animal Services,8700 RIDGELAND DR,Town_of_Cutler_Bay,Florida,33157,District 8,20185,2018-05-31,2018-06-01,NA,OPEN,876260.435,458224.722,25.592731,-80.332198,"8700 RIDGELAND DR
MIAMI, Florida 33157
(25.592731, -80.332198)",WEB,3,NA,17
18-10217511,STRAY / DOG-AT-LARGE,NA,Animal_Services,Animal Services,950 SW 87TH AVE,Miami_Dade_County,Florida,33174,District 10,20186,2018-06-01,2018-06-01,NA,OPEN,874561.785,519222.54,25.760578,-80.336423,"950 SW 87TH AVE
MIAMI, Florida 33174
(25.760578, -80.336423)",PHONE,3,NA,16
18-10217651,STRAY / DOG-AT-LARGE,NA,Animal_Services,Animal Services,1090 NW 196TH TER,City_of_Miami_Gardens,Florida,33169,District 1,20186,2018-06-01,2018-06-01,NA,OPEN,912482.372,589804.247,25.95419,-80.219938,"1090 NW 196TH TER
MIAMI, Florida 33169
(25.95419, -80.219938)",PHONE,3,NA,16
18-10217875,TETHERED DOG,NA,Animal_Services,Animal Services,9674 NW 10TH AVE,Miami_Dade_County,Florida,33150,District 2,20186,2018-06-01,2018-06-01,NA,OPEN,914624.587,556823.295,25.863419,-80.214021,"9674 NW 10TH AVE
MIAMI, Florida 33150
(25.863419, -80.214021)",PHONE,14,NA,16
18-10217924,BREEDER / PET STORE COMPLAINTS AND INSPECTIONS,NA,Animal_Services,Animal Services,8700 SW 137TH AVE,Miami_Dade_County,Florida,33183,District 11,20186,2018-06-01,2018-06-01,NA,OPEN,848116.585,492150.81,25.686439,-80.417134,"8700 SW 137TH AVE
MIAMI, Florida 33183
(25.686439, -80.417134)",WEB,15,NA,16
18-10217999,STRAY / DOG-AT-LARGE,NA,Animal_Services,Animal Services,8310 NW 10TH AVE,Miami_Dade_County,Florida,33150,District 2,20186,2018-06-01,2018-06-01,NA,OPEN,914799.748,552285.31,25.850932,-80.213571,"8310 NW 10TH AVE
MIAMI, Florida 33150
(25.850932, -80.213571)",PHONE,3,NA,16
18-10218155,STRAY / DOG-AT-LARGE,NA,Animal_Services,Animal Services,154 NW 122ND AVE,Miami_Dade_County,Florida,33182,District 12,20186,2018-06-01,2018-06-01,NA,OPEN,855926.572,522270.791,25.769212,-80.392999,"154 NW 122ND AVE
MIAMI, Florida 33182
(25.769212, -80.392999)",PHONE,3,NA,16
18-10218323,LOST PET,NA,Animal_Services,Animal Services,11775 SW 183RD ST,Miami_Dade_County,Florida,33177,District 9,20186,2018-06-01,2018-06-01,NA,OPEN,859650.874,460253.001,25.598533,-80.382563,"11775 SW 183RD ST
MIAMI, Florida 33177
(25.598533, -80.382563)",PHONE,3,NA,16
18-10218368,STRAY / DOG-AT-LARGE,NA,Animal_Services,Animal Services,5527 W 27TH AVE,City_of_Hialeah,Florida,33016,District 12,20186,2018-06-01,2018-06-01,NA,OPEN,874277.703,559912.565,25.872531,-80.336662,"5527 W 27TH AVE
MIAMI, Florida 33016
(25.872531, -80.336662)",PHONE,3,NA,16
18-10218487,ANIMAL BITE TO A PERSON,NA,Animal_Services,Animal Services,740 10TH ST,City_of_Miami_Beach,Florida,33139,District 5,20186,2018-06-01,2018-06-03,NA,OPEN,940561.069,526833.18,25.780464,-80.135753,"740 10TH ST
MIAMI, Florida 33139
(25.780464, -80.135753)",PHONE,14,NA,16
18-10218522,STRAY / DOG-AT-LARGE,NA,Animal_Services,Animal Services,11 W OKEECHOBEE RD,City_of_Hialeah,Florida,33010,District 6,20186,2018-06-01,2018-06-01,NA,OPEN,892649.053,542119.941,25.823314,-80.281089,"11 W OKEECHOBEE RD
MIAMI, Florida 33010
(25.823314, -80.281089)",PHONE,3,NA,16
18-10218595,STRAY / DOG-AT-LARGE,NA,Animal_Services,Animal Services,520 W 49TH ST,City_of_Hialeah,Florida,33012,District 13,20186,2018-06-01,2018-06-01,NA,OPEN,888288.215,557404.958,25.865431,-80.294096,"520 W 49TH ST
MIAMI, Florida 33012
(25.865431, -80.294096)",PHONE,3,NA,16
18-10218691,TETHERED DOG,NA,Animal_Services,Animal Services,1635 NW 34TH ST,City_of_Miami,Florida,33142,District 3,20186,2018-06-01,2018-06-01,NA,OPEN,911731.749,536652.684,25.807974,-80.22318,"1635 NW 34TH ST
MIAMI, Florida 33142
(25.807974, -80.22318)",PHONE,14,NA,16
18-10218707,TETHERED DOG,NA,Animal_Services,Animal Services,1538 NW 34TH ST,City_of_Miami,Florida,33142,District 3,20186,2018-06-01,2018-06-01,NA,OPEN,911929.312,536482.06,25.807501,-80.222582,"1538 NW 34TH ST
MIAMI, Florida 33142
(25.807501, -80.222582)",PHONE,14,NA,16
18-10218853,STRAY / DOG-AT-LARGE,NA,Animal_Services,Animal Services,4400 W 4TH AVE,City_of_Hialeah,Florida,33012,District 13,20186,2018-06-01,2018-06-01,NA,OPEN,889283.258,556363.686,25.862551,-80.291087,"4400 W 4TH AVE
MIAMI, Florida 33012
(25.862551, -80.291087)",PHONE,3,NA,16
18-10218962,STRAY / DOG-AT-LARGE,NA,Animal_Services,Animal Services,911 W OKEECHOBEE RD,City_of_Hialeah,Florida,33010,District 13,20186,2018-06-01,2018-06-01,NA,OPEN,889738.997,544477.419,25.829843,-80.289897,"911 W OKEECHOBEE RD
MIAMI, Florida 33010
(25.829843, -80.289897)",PHONE,3,NA,16
18-10219000,STRAY / DOG-AT-LARGE,NA,Animal_Services,Animal Services,8333 W OKEECHOBEE RD,City_of_Hialeah_Gardens,Florida,33016,District 12,20186,2018-06-01,2018-06-01,NA,OPEN,875238.961,556632.45,25.863493,-80.33379,"8333 W OKEECHOBEE RD
MIAMI, Florida 33016
(25.863493, -80.33379)",PHONE,3,NA,16
18-10219022,DOG TRAP REQUEST,NA,Animal_Services,Animal Services,14041 NW 17TH AVE,Miami_Dade_County,Florida,33167,District 2,20186,2018-06-01,2018-06-01,NA,OPEN,910375.686,571262.435,25.903213,-80.226682,"14041 NW 17TH AVE
MIAMI, Florida 33167
(25.903213, -80.226682)",PHONE,12,NA,16
18-10219048,STRAY / DOG-AT-LARGE,NA,Animal_Services,Animal Services,2201 NW 11TH ST,City_of_Miami,Florida,33125,District 5,20186,2018-06-01,2018-06-01,NA,OPEN,908585.31,528005.437,25.784234,-80.232896,"2201 NW 11TH ST
MIAMI, Florida 33125
(25.784234, -80.232896)",PHONE,3,NA,16
18-10204664,STRAY / DOG-AT-LARGE,NA,Animal_Services,Animal Services,1326 PERI ST,City_of_Opa-Locka,Florida,33054,District 1,20185,2018-05-24,2018-05-28,NA,OPEN,904290.063,573605.748,25.909757,-80.245153,"1326 PERI ST
MIAMI, Florida 33054
(25.909757, -80.245153)",PHONE,3,NA,24
18-10204892,LOST PET,NA,Animal_Services,Animal Services,150 NW 123RD AVE,Miami_Dade_County,Florida,33182,District 12,20185,2018-05-24,2018-05-24,NA,OPEN,855160.308,522189.004,25.768997,-80.395328,"150 NW 123RD AVE
MIAMI, Florida 33182
(25.768997, -80.395328)",PHONE,3,NA,24
18-10205031,STRAY / DOG-AT-LARGE,NA,Animal_Services,Animal Services,2140 NW 93RD ST,Miami_Dade_County,Florida,33147,District 2,20185,2018-05-24,2018-05-24,NA,OPEN,908443.748,555043.937,25.858624,-80.232847,"2140 NW 93RD ST
MIAMI, Florida 33147
(25.858624, -80.232847)",PHONE,3,NA,24
18-10205071,LOST PET,NA,Animal_Services,Animal Services,8925 SW 27TH ST,Miami_Dade_County,Florida,33165,District 10,20185,2018-05-24,2018-05-24,NA,OPEN,873343.911,513682.656,25.745353,-80.340207,"8925 SW 27TH ST
MIAMI, Florida 33165
(25.745353, -80.340207)",PHONE,3,NA,24
18-10205414,STRAY / DOG-AT-LARGE,NA,Animal_Services,Animal Services,431 NE 110TH TER,Miami_Dade_County,Florida,33161,District 3,20185,2018-05-24,2018-05-24,NA,OPEN,922782.999,561855.998,25.877128,-80.189118,"431 NE 110TH TER
MIAMI, Florida 33161
(25.877128, -80.189118)",IPHONE,3,NA,24
18-10206063,LOST PET,NA,Animal_Services,Animal Services,4391 NW 169TH TER,City_of_Miami_Gardens,Florida,33055,District 1,20185,2018-05-24,2018-05-24,NA,OPEN,895237.247,580111.312,25.927796,-80.272582,"4391 NW 169TH TER
MIAMI, Florida 33055
(25.927796, -80.272582)",PHONE,3,NA,24
18-10206219,CAT TRAP REQUEST,NA,Animal_Services,Animal Services,8414 NW 103RD ST,City_of_Hialeah_Gardens,Florida,33016,District 12,20185,2018-05-24,2018-05-24,NA,OPEN,874388.423,558421.769,25.868428,-80.336349,"8414 NW 103RD ST
MIAMI, Florida 33016
(25.868428, -80.336349)",PHONE,15,NA,24
18-10206244,STRAY / DOG-AT-LARGE,NA,Animal_Services,Animal Services,3252 NW 48TH ST,Miami_Dade_County,Florida,33142,District 3,20185,2018-05-24,2018-05-28,NA,OPEN,902966.464,540124.408,25.817665,-80.249761,"3252 NW 48TH ST
MIAMI, Florida 33142
(25.817665, -80.249761)",PHONE,3,NA,24
18-10206496,STRAY / DOG-AT-LARGE,NA,Animal_Services,Animal Services,5810 NW 7TH PL,City_of_Miami,Florida,33127,District 3,20185,2018-05-24,2018-05-24,NA,OPEN,915990.624,544325.187,25.829012,-80.210095,"5810 NW 7TH PL
MIAMI, Florida 33127
(25.829012, -80.210095)",PHONE,3,NA,24
18-10206500,STRAY / DOG-AT-LARGE,NA,Animal_Services,Animal Services,867 NW 73RD ST,Miami_Dade_County,Florida,33150,District 3,20185,2018-05-24,2018-05-28,NA,OPEN,915279.06,549072.623,25.842085,-80.212172,"867 NW 73RD ST
MIAMI, Florida 33150
(25.842085, -80.212172)",PHONE,3,NA,24
18-10218086,ANIMAL SERVICES DOG TAG CHECK,NA,Animal_Services,Animal Services,3632 NW 203RD ST,City_of_Miami_Gardens,Florida,33056,District 1,20186,2018-06-01,2018-06-04,NA,OPEN,898824.122,591510.061,25.959101,-80.261473,"3632 NW 203RD ST
MIAMI, Florida 33056
(25.959101, -80.261473)",PHONE,0,NA,16
18-10218780,STRAY DOG PICK UP - MD,NA,Animal_Services,Animal Services,560 NE 67TH ST,City_of_Miami,Florida,33138,District 3,20186,2018-06-01,2018-06-02,NA,OPEN,924208.372,547330.124,25.837141,-80.185057,"560 NE 67TH ST
MIAMI, Florida 33138
(25.837141, -80.185057)",PHONE,2,NA,16
18-10218781,TETHERED DOG,NA,Animal_Services,Animal Services,14502 ARDOCH RD,City_of_Miami_Lakes,Florida,33016,District 13,20186,2018-06-01,2018-06-04,NA,OPEN,874314.564,571713.626,25.904998,-80.336369,"14502 ARDOCH RD
MIAMI, Florida 33016
(25.904998, -80.336369)",IPHONE,14,NA,16
18-10218834,STRAY DOG PICK UP - MD,NA,Animal_Services,Animal Services,20700 NW 2ND AVE,City_of_Miami_Gardens,Florida,33169,District 1,20186,2018-06-01,2018-06-04,NA,OPEN,916820.144,594195.636,25.966199,-80.206657,"20700 NW 2ND AVE
MIAMI, Florida 33169
(25.966199, -80.206657)",PHONE,2,NA,16
18-10219239,DEAD ANIMAL PICKUP MD,NA,Animal_Services,Animal Services,8850 NW 118TH ST,City_of_Hialeah_Gardens,Florida,33018,District 12,20186,2018-06-02,2018-06-04,NA,OPEN,872347.373,562865.623,25.880682,-80.342488,"8850 NW 118TH ST
MIAMI, Florida 33018
(25.880682, -80.342488)",PHONE,4,NA,15
18-10219374,STRAY DOG PICK UP - MD,NA,Animal_Services,Animal Services,3348 NW 46TH ST,Miami_Dade_County,Florida,33142,District 2,20186,2018-06-02,2018-06-02,NA,OPEN,902511.04,539559.348,25.816117,-80.251155,"3348 NW 46TH ST
MIAMI, Florida 33142
(25.816117, -80.251155)",PHONE,2,NA,15
18-10219328,STRAY DOG PICK UP - MD,NA,Animal_Services,Animal Services,14920 TYLER ST,Miami_Dade_County,Florida,33176,District 9,20186,2018-06-02,2018-06-04,NA,OPEN,863179.375,471823.655,25.630323,-80.37169,"14920 TYLER ST
MIAMI, Florida 33176
(25.630323, -80.37169)",PHONE,2,NA,15
18-10219428,STRAY / DOG-AT-LARGE,NA,Animal_Services,Animal Services,709 OPA LOCKA BLVD,City_of_Opa-Locka,Florida,33054,District 2,20186,2018-06-02,2018-06-04,NA,OPEN,902779.161,570235.376,25.900509,-80.249807,"709 OPA LOCKA BLVD
MIAMI, Florida 33054
(25.900509, -80.249807)",PHONE,3,NA,15
18-10219446,STRAY / DOG-AT-LARGE,NA,Animal_Services,Animal Services,3381 NW 178TH ST,City_of_Miami_Gardens,Florida,33056,District 1,20186,2018-06-02,2018-06-04,NA,OPEN,900299.747,583265.436,25.936395,-80.257125,"3381 NW 178TH ST
MIAMI, Florida 33056
(25.936395, -80.257125)",PHONE,3,NA,15
18-10219484,STRAY / DOG-AT-LARGE,NA,Animal_Services,Animal Services,4451 NW 185TH ST,City_of_Miami_Gardens,Florida,33055,District 1,20186,2018-06-02,2018-06-04,NA,OPEN,894731.874,585622.123,25.942965,-80.274026,"4451 NW 185TH ST
MIAMI, Florida 33055
(25.942965, -80.274026)",PHONE,3,NA,15
18-10219521,STRAY / DOG-AT-LARGE,NA,Animal_Services,Animal Services,780 NW 198TH ST,City_of_Miami_Gardens,Florida,33169,District 1,20186,2018-06-02,2018-06-02,NA,OPEN,913978.499,590380.062,25.955749,-80.215375,"780 NW 198TH ST
MIAMI, Florida 33169
(25.955749, -80.215375)",PHONE,3,NA,15
18-10219558,STRAY / DOG-AT-LARGE,NA,Animal_Services,Animal Services,2370 NW 17TH AVE,City_of_Miami,Florida,33142,District 3,20186,2018-06-02,2018-06-02,NA,OPEN,911522.478,533457.624,25.799187,-80.223873,"2370 NW 17TH AVE
MIAMI, Florida 33142
(25.799187, -80.223873)",PHONE,3,NA,15
18-10219559,STRAY DOG PICK UP - MD,NA,Animal_Services,Animal Services,4696 E 10TH AVE,City_of_Hialeah,Florida,33013,District 13,20186,2018-06-02,2018-06-02,NA,OPEN,898461.497,557465.435,25.865444,-80.263159,"4696 E 10TH AVE
MIAMI, Florida 33013
(25.865444, -80.263159)",PHONE,2,NA,15
18-10219575,LOST PET,NA,Animal_Services,Animal Services,201 W 44TH ST,City_of_Hialeah,Florida,33012,District 13,20186,2018-06-02,2018-06-02,NA,OPEN,890634.999,556324.937,25.862425000000002,-80.286977,"201 W 44TH ST
MIAMI, Florida 33012
(25.862425, -80.286977)",PHONE,3,NA,15
18-10219584,STRAY / DOG-AT-LARGE,NA,Animal_Services,Animal Services,5515 NE 4TH AVE,City_of_Miami,Florida,33137,District 3,20186,2018-06-02,2018-06-04,NA,OPEN,923331.027,543387.977,25.826311,-80.187799,"5515 NE 4TH AVE
MIAMI, Florida 33137
(25.826311, -80.187799)",ANDROID,3,NA,15
18-10219645,STRAY / DOG-AT-LARGE,NA,Animal_Services,Animal Services,1612 NW 32ND AVE,City_of_Miami,Florida,33125,District 5,20186,2018-06-02,2018-06-02,NA,OPEN,903639.387,529718.641,25.789026,-80.247896,"1612 NW 32ND AVE
MIAMI, Florida 33125
(25.789026, -80.247896)",PHONE,3,NA,15
18-10206791,LOST PET,NA,Animal_Services,Animal Services,322 TO TO LO CHEE DR,City_of_Hialeah,Florida,33010,District 6,20185,2018-05-25,2018-05-25,NA,OPEN,894905.124,540925.999,25.819995,-80.274251,"322 TO TO LO CHEE DR
MIAMI, Florida 33010
(25.819995, -80.274251)",PHONE,3,NA,23
18-10206851,STRAY / DOG-AT-LARGE,NA,Animal_Services,Animal Services,14741 PIERCE ST,Miami_Dade_County,Florida,33176,District 9,20185,2018-05-25,2018-05-25,NA,OPEN,863960.687,472619.062,25.632501,-80.369307,"14741 PIERCE ST
MIAMI, Florida 33176
(25.632501, -80.369307)",PHONE,3,NA,23
18-10207447,STRAY / DOG-AT-LARGE,NA,Animal_Services,Animal Services,678 NE 67TH ST,City_of_Miami,Florida,33138,District 3,20185,2018-05-25,2018-05-25,NA,OPEN,925020.875,547339.124,25.837152,-80.182587,"678 NE 67TH ST
MIAMI, Florida 33138
(25.837152, -80.182587)",PHONE,3,NA,23
18-10207599,STRAY / DOG-AT-LARGE,NA,Animal_Services,Animal Services,1475 NW 12TH AVE,City_of_Miami,Florida,33136,District 3,20185,2018-05-25,2018-05-28,NA,OPEN,914601.991,529698.063,25.788793,-80.214582,"1475 NW 12TH AVE
MIAMI, Florida 33136
(25.788793, -80.214582)",PHONE,3,NA,23
18-10207635,LOST PET,NA,Animal_Services,Animal Services,2295 NW 64TH ST,Miami_Dade_County,Florida,33147,District 3,20185,2018-05-25,2018-05-25,NA,OPEN,907809.625,545919.31,25.833531,-80.234937,"2295 NW 64TH ST
MIAMI, Florida 33147
(25.833531, -80.234937)",PHONE,3,NA,23
18-10207681,STRAY / DOG-AT-LARGE,NA,Animal_Services,Animal Services,9490 W OKEECHOBEE RD,City_of_Hialeah_Gardens,Florida,33016,District 12,20185,2018-05-25,2018-05-28,NA,OPEN,876947.011,555207.245,25.859548,-80.328618,"9490 W OKEECHOBEE RD
MIAMI, Florida 33016
(25.859548, -80.328618)",PHONE,3,NA,23
18-10207850,CAT TRAP REQUEST,NA,Animal_Services,Animal Services,5070 N BAY RD,City_of_Miami_Beach,Florida,33140,District 4,20185,2018-05-25,2018-05-25,NA,OPEN,941457.061,544200.375,25.828227,-80.132683,"5070 N BAY RD
MIAMI, Florida 33140
(25.828227, -80.132683)",INHOUSE,15,NA,23
18-10207936,STRAY / DOG-AT-LARGE,NA,Animal_Services,Animal Services,20831 SW 123RD AVE,Miami_Dade_County,Florida,33177,District 9,20185,2018-05-25,2018-05-25,NA,OPEN,856873.753,450780.751,25.572507,-80.391121,"20831 SW 123RD AVE
MIAMI, Florida 33177
(25.572507, -80.391121)",PHONE,3,NA,23
18-10208337,LOST PET,NA,Animal_Services,Animal Services,19494 SW 196TH ST,Miami_Dade_County,Florida,33187,District 9,20185,2018-05-25,2018-05-25,NA,OPEN,818225.126,454323.157,25.582694,-80.508325,"19494 SW 196TH ST
MIAMI, Florida 33187
(25.582694, -80.508325)",PHONE,3,NA,23
18-10208386,ANIMAL SERVICES DOG TAG CHECK,NA,Animal_Services,Animal Services,15655 NW 157TH STREET RD,City_of_Miami_Gardens,Florida,33054,District 1,20185,2018-05-25,2018-06-02,NA,OPEN,905871.999,576343.312,25.917264,-80.240292,"15655 NW 157TH STREET RD
MIAMI, Florida 33054
(25.917264, -80.240292)",PHONE,0,NA,23
18-10208394,STRAY / DOG-AT-LARGE,NA,Animal_Services,Animal Services,14200 SW 166TH TER,Miami_Dade_County,Florida,33177,District 9,20185,2018-05-25,2018-05-25,NA,OPEN,846324.647,465238.822,25.612416,-80.422931,"14200 SW 166TH TER
MIAMI, Florida 33177
(25.612416, -80.422931)",PHONE,3,NA,23
18-10208420,CAT TRAP REQUEST,NA,Animal_Services,Animal Services,3427 SW 64TH AVE,Miami_Dade_County,Florida,33155,District 6,20185,2018-05-25,2018-05-25,NA,OPEN,887017.81,511078.685,25.737995,-80.29871,"3427 SW 64TH AVE
MIAMI, Florida 33155
(25.737995, -80.29871)",INHOUSE,15,NA,23
18-10208432,STRAY / DOG-AT-LARGE,NA,Animal_Services,Animal Services,36800 SW 8TH ST,Miami_Dade_County,Florida,33194,District 12,20185,2018-05-25,2018-05-25,NA,OPEN,725403.352,519178.502,25.761818,-80.789625,"36800 SW 8TH ST
MIAMI, Florida 33194
(25.761818, -80.789625)",PHONE,3,NA,23
18-10208389,STRAY / DOG-AT-LARGE,NA,Animal_Services,Animal Services,4546 NW 185TH ST,City_of_Miami_Gardens,Florida,33055,District 1,20185,2018-05-25,2018-05-28,NA,OPEN,894071.936,585234.811,25.941909,-80.276041,"4546 NW 185TH ST
MIAMI, Florida 33055
(25.941909, -80.276041)",PHONE,3,NA,23
18-10208434,STRAY / DOG-AT-LARGE,NA,Animal_Services,Animal Services,375 NE 154TH ST,Miami_Dade_County,Florida,33162,District 2,20185,2018-05-25,2018-05-29,NA,OPEN,921623.437,576362.686,25.917058,-80.192373,"375 NE 154TH ST
MIAMI, Florida 33162
(25.917058, -80.192373)",WEB,3,NA,23
18-10208457,STRAY / DOG-AT-LARGE,NA,Animal_Services,Animal Services,11052 SW 25TH ST,Miami_Dade_County,Florida,33165,District 10,20185,2018-05-25,2018-05-25,NA,OPEN,861996.916,513636.809,25.745379,-80.374679,"11052 SW 25TH ST
MIAMI, Florida 33165
(25.745379, -80.374679)",PHONE,3,NA,23
18-10208449,STRAY / DOG-AT-LARGE,NA,Animal_Services,Animal Services,8500 NW 24TH AVE,Miami_Dade_County,Florida,33147,District 2,20185,2018-05-25,2018-05-29,NA,OPEN,906740.061,552620.685,25.851985,-80.23807,"8500 NW 24TH AVE
MIAMI, Florida 33147
(25.851985, -80.23807)",WEB,3,NA,23
18-10203185,STRAY / DOG-AT-LARGE,NA,Animal_Services,Animal Services,NE 16TH AVE & NE 183RD ST,City_of_North_Miami_Beach,Florida,33162,District 4,20185,2018-05-23,2018-05-23,NA,OPEN,929306.687,586219.186,25.944042,-80.168809,"NE 16TH AVE &amp; NE 183RD ST
MIAMI, Florida 33162
(25.944042, -80.168809)",PHONE,3,NA,25
18-10204973,ANIMAL BITE TO A PERSON,NA,Animal_Services,Animal Services,79 SW 12TH ST,City_of_Miami,Florida,33130,District 5,20185,2018-05-24,2018-06-04,NA,OPEN,921193.38,520276.504,25.762763,-80.194726,"79 SW 12TH ST
MIAMI, Florida 33130
(25.762763, -80.194726)",FAX,14,NA,24
18-10216898,ANIMAL BITE TO A PERSON,NA,Animal_Services,Animal Services,11807 SW 272ND TER,Miami_Dade_County,Florida,33032,District 9,20185,2018-05-31,2018-06-03,NA,OPEN,859904.686,429714.064,25.514506,-80.382224,"11807 SW 272ND TER
MIAMI, Florida 33032
(25.514506, -80.382224)",PHONE,14,NA,17
18-10217667,ANIMAL BITE TO A PERSON,NA,Animal_Services,Animal Services,4431 SW 4TH ST,City_of_Miami,Florida,33134,District 6,20186,2018-06-01,2018-06-03,NA,OPEN,896984.248,522120.313,25.768224,-80.268249,"4431 SW 4TH ST
MIAMI, Florida 33134
(25.768224, -80.268249)",FAX,14,NA,16
18-10218457,STRAY / DOG-AT-LARGE,NA,Animal_Services,Animal Services,WILMINGTON ST & NW 20TH AVE,City_of_Opa-Locka,Florida,33054,District 1,20186,2018-06-01,2018-06-01,NA,OPEN,908409.186,572829.75,25.907557,-80.232636,"WILMINGTON ST &amp; NW 20TH AVE
MIAMI, Florida 33054
(25.907557, -80.232636)",PHONE,3,NA,16
18-10218752,ANIMAL BITE TO A PERSON,NA,Animal_Services,Animal Services,928 NW 34TH AVE,City_of_Miami,Florida,33125,District 5,20186,2018-06-01,2018-06-03,NA,OPEN,902474.935,527064.687,25.781743,-80.251481,"928 NW 34TH AVE
MIAMI, Florida 33125
(25.781743, -80.251481)",PHONE,14,NA,16
18-10219298,STRAY DOG PICK UP - MD,NA,Animal_Services,Animal Services,6234 NW MIAMI PL,City_of_Miami,Florida,33150,District 3,20186,2018-06-02,2018-06-03,NA,OPEN,920024.624,545915.373,25.83332,-80.197803,"6234 NW MIAMI PL
MIAMI, Florida 33150
(25.83332, -80.197803)",PHONE,2,NA,15
18-10219366,STRAY DOG PICK UP - MD,NA,Animal_Services,Animal Services,1445 NW 55TH TER,City_of_Miami,Florida,33142,District 3,20186,2018-06-02,2018-06-03,NA,OPEN,912274.687,543302.059,25.826258,-80.22141,"1445 NW 55TH TER
MIAMI, Florida 33142
(25.826258, -80.22141)",PHONE,2,NA,15
18-10218982,ANIMAL BITE TO A PERSON,NA,Animal_Services,Animal Services,285 W 17TH ST,City_of_Hialeah,Florida,33010,District 6,20186,2018-06-01,2018-06-04,NA,OPEN,890471.875,547192.248,25.837301,-80.287624,"285 W 17TH ST
MIAMI, Florida 33010
(25.837301, -80.287624)",PHONE,14,NA,16
18-10219545,STRAY / DOG-AT-LARGE,NA,Animal_Services,Animal Services,W 79TH ST & W 18TH AVE,City_of_Hialeah,Florida,33014,District 12,20186,2018-06-02,2018-06-02,NA,OPEN,879689.998,567913.311,25.894467,-80.320077,"W 79TH ST &amp; W 18TH AVE
MIAMI, Florida 33014
(25.894467, -80.320077)",PHONE,3,NA,15
18-10198429,STRAY / DOG-AT-LARGE,NA,Animal_Services,Animal Services,SW 296TH ST & SW 157TH AVE,Miami_Dade_County,Florida,33033,District 8,20185,2018-05-21,2018-05-21,NA,OPEN,839270.249,421455.69,25.492034,-80.444894,"SW 296TH ST &amp; SW 157TH AVE
MIAMI, Florida 33033
(25.492034, -80.444894)",PHONE,3,NA,27
18-10208468,STRAY / DOG-AT-LARGE,NA,Animal_Services,Animal Services,2000 NW 19TH TER,City_of_Miami,Florida,33125,District 3,20185,2018-05-26,2018-05-29,NA,OPEN,909891.775,531126.804,25.792801,-80.22887,"2000 NW 19TH TER
MIAMI, Florida 33125
(25.792801, -80.22887)",WEB,3,NA,22
18-10208606,TETHERED DOG,NA,Animal_Services,Animal Services,2775 W OKEECHOBEE RD,City_of_Hialeah,Florida,33010,District 13,20185,2018-05-26,2018-05-26,NA,OPEN,882676.877,550333.083,25.846057,-80.311272,"2775 W OKEECHOBEE RD
MIAMI, Florida 33010
(25.846057, -80.311272)",PHONE,14,NA,22
18-10208611,TETHERED DOG,NA,Animal_Services,Animal Services,726 NW 70TH ST,City_of_Miami,Florida,33150,District 3,20185,2018-05-26,2018-05-26,NA,OPEN,916156.622,547779,25.838512,-80.209528,"726 NW 70TH ST
MIAMI, Florida 33150
(25.838512, -80.209528)",PHONE,14,NA,22
18-10208667,LOST PET,NA,Animal_Services,Animal Services,1320 NW 111TH ST,Miami_Dade_County,Florida,33167,District 2,20185,2018-05-26,2018-05-26,NA,OPEN,912330.685,561271.435,25.875694,-80.220916,"1320 NW 111TH ST
MIAMI, Florida 33167
(25.875694, -80.220916)",PHONE,3,NA,22
18-10208758,STRAY / DOG-AT-LARGE,NA,Animal_Services,Animal Services,100 SE 1ST AVE,City_of_Florida_City,Florida,33034,District 9,20185,2018-05-26,2018-05-26,NA,OPEN,828779.259,404756.496,25.446204,-80.476896,"100 SE 1ST AVE
MIAMI, Florida 33034
(25.446204, -80.476896)",PHONE,3,NA,22
18-10208786,STRAY / DOG-AT-LARGE,NA,Animal_Services,Animal Services,370 NW 124TH ST,City_of_North_Miami,Florida,33168,District 2,20185,2018-05-26,2018-05-28,NA,OPEN,917889.247,565903.624,25.888346,-80.203926,"370 NW 124TH ST
MIAMI, Florida 33168
(25.888346, -80.203926)",PHONE,3,NA,22
18-10198103,STRAY / DOG-AT-LARGE,NA,Animal_Services,Animal Services,SW 260TH ST & SW 152ND CT,Miami_Dade_County,Florida,33032,District 8,20185,2018-05-19,2018-05-19,NA,OPEN,841326.998,433505.94,25.525166,-80.438504,"SW 260TH ST &amp; SW 152ND CT
MIAMI, Florida 33032
(25.525166, -80.438504)",PHONE,3,NA,29
18-10198108,STRAY / DOG-AT-LARGE,NA,Animal_Services,Animal Services,NW 82ND TER & NW 4TH AVE,Miami_Dade_County,Florida,33150,District 2,20185,2018-05-19,2018-05-19,NA,OPEN,918093.247,552031.56,25.850179,-80.203562,"NW 82ND TER &amp; NW 4TH AVE
MIAMI, Florida 33150
(25.850179, -80.203562)",PHONE,3,NA,29
18-10198174,STRAY / DOG-AT-LARGE,NA,Animal_Services,Animal Services,NW 73RD TER & NW 107TH PL,City_of_Doral,Florida,33178,District 12,20185,2018-05-19,2018-05-19,NA,OPEN,862690.248,548054.435,25.840063,-80.372074,"NW 73RD TER &amp; NW 107TH PL
MIAMI, Florida 33178
(25.840063, -80.372074)",PHONE,3,NA,29
18-10202697,STRAY / DOG-AT-LARGE,NA,Animal_Services,Animal Services,SW 96TH CT & SW 74TH ST,Miami_Dade_County,Florida,33173,District 10,20185,2018-05-22,2018-06-04,NA,OPEN,870409.561,496903.718,25.69923,-80.349372,"SW 96TH CT &amp; SW 74TH ST
MIAMI, Florida 33173
(25.69923, -80.349372)",PHONE,3,NA,26
18-10204437,STRAY / DOG-AT-LARGE,NA,Animal_Services,Animal Services,NW 64TH ST & NW 24TH AVE,Miami_Dade_County,Florida,33147,District 3,20185,2018-05-23,2018-05-23,NA,OPEN,907079.31,545787.747,25.833181,-80.237159,"NW 64TH ST &amp; NW 24TH AVE
MIAMI, Florida 33147
(25.833181, -80.237159)",PHONE,3,NA,25
18-10207219,STRAY / DOG-AT-LARGE,NA,Animal_Services,Animal Services,13190 SW 8TH ST,Miami_Dade_County,Florida,33184,District 11,20185,2018-05-25,2018-06-04,NA,OPEN,850626.777,519078.065,25.760494,-80.409146,"13190 SW 8TH ST
MIAMI, Florida 33184
(25.760494, -80.409146)",PHONE,3,NA,23
18-10208852,STRAY / DOG-AT-LARGE,NA,Animal_Services,Animal Services,14041 NW 17TH AVE,Miami_Dade_County,Florida,33167,District 2,20185,2018-05-27,2018-06-04,NA,OPEN,910375.686,571262.435,25.903213,-80.226682,"14041 NW 17TH AVE
MIAMI, Florida 33167
(25.903213, -80.226682)",WEB,3,NA,21
18-10209129,STRAY / DOG-AT-LARGE,NA,Animal_Services,Animal Services,SW 147TH AVE & SW 200TH ST,Miami_Dade_County,Florida,33187,District 8,20185,2018-05-29,2018-05-29,NA,OPEN,844201.497,453647.816,25.58055,-80.429525,"SW 147TH AVE &amp; SW 200TH ST
MIAMI, Florida 33187
(25.58055, -80.429525)",PHONE,3,NA,19
18-10209398,STRAY / DOG-AT-LARGE,NA,Animal_Services,Animal Services,NW 82ND AVE & NW 176TH ST,Miami_Dade_County,Florida,33015,District 13,20185,2018-05-29,2018-05-29,NA,OPEN,874856.06,581931.499,25.933102,-80.334564,"NW 82ND AVE &amp; NW 176TH ST
MIAMI, Florida 33015
(25.933102, -80.334564)",PHONE,3,NA,19
18-10210516,STRAY / DOG-AT-LARGE,NA,Animal_Services,Animal Services,NW 58TH ST & NW 107TH AVE,City_of_Doral,Florida,33178,District 12,20185,2018-05-29,2018-05-30,NA,OPEN,863421.939,543033.52,25.826239,-80.369922,"NW 58TH ST &amp; NW 107TH AVE
MIAMI, Florida 33178
(25.826239, -80.369922)",PHONE,3,NA,19
18-10211637,STRAY / DOG-AT-LARGE,NA,Animal_Services,Animal Services,NW 12TH ST & NW 1ST AVE,City_of_Homestead,Florida,33030,District 8,20185,2018-05-29,2018-05-29,NA,OPEN,827864.434,417648.284,25.481685,-80.479516,"NW 12TH ST &amp; NW 1ST AVE
HOMESTEAD, Florida 33030
(25.481685, -80.479516)",PHONE,3,NA,19
18-10212506,STRAY / DOG-AT-LARGE,NA,Animal_Services,Animal Services,NW 1ST AVE & NW 17TH ST,City_of_Homestead,Florida,33030,District 8,20185,2018-05-30,2018-05-30,NA,OPEN,827842.687,419317.188,25.486277,-80.479562,"NW 1ST AVE &amp; NW 17TH ST
HOMESTEAD, Florida 33030
(25.486277, -80.479562)",PHONE,3,NA,18
18-10217595,STRAY / DOG-AT-LARGE,NA,Animal_Services,Animal Services,AVOCADO DR & SW 296TH ST,Miami_Dade_County,Florida,33030,District 9,20186,2018-06-01,2018-06-01,NA,OPEN,800450.002,421022.314,25.49124,-80.562584,"AVOCADO DR &amp; SW 296TH ST
MIAMI, Florida 33030
(25.49124, -80.562584)",PHONE,3,NA,16
18-10218230,STRAY / DOG-AT-LARGE,NA,Animal_Services,Animal Services,NE 154TH ST & NE 14TH AVE,City_of_North_Miami_Beach,Florida,33162,District 2,20186,2018-06-01,2018-06-01,NA,OPEN,928439.311,576471.497,25.91724,-80.171636,"NE 154TH ST &amp; NE 14TH AVE
MIAMI, Florida 33162
(25.91724, -80.171636)",PHONE,3,NA,16
18-10218281,STRAY / DOG-AT-LARGE,NA,Animal_Services,Animal Services,NW 48TH ST & NW 3RD AVE,City_of_Miami,Florida,33127,District 3,20186,2018-06-01,2018-06-01,NA,OPEN,918735.748,540898.06,25.819538,-80.201814,"NW 48TH ST &amp; NW 3RD AVE
MIAMI, Florida 33127
(25.819538, -80.201814)",PHONE,3,NA,16
18-10218352,STRAY / DOG-AT-LARGE,NA,Animal_Services,Animal Services,3855 NW 170TH ST,City_of_Miami_Gardens,Florida,33055,District 1,20186,2018-06-01,2018-06-04,NA,OPEN,898013.372,580502.498,25.92883,-80.264129,"3855 NW 170TH ST
MIAMI, Florida 33055
(25.92883, -80.264129)",PHONE,3,NA,16
18-10218764,ANIMAL BITE TO A PERSON,NA,Animal_Services,Animal Services,24840 SW 177TH AVE,Miami_Dade_County,Florida,33031,District 8,20186,2018-06-01,2018-06-04,NA,OPEN,828011.601,437133.86,25.535297,-80.478839,"24840 SW 177TH AVE
MIAMI, Florida 33031
(25.535297, -80.478839)",PHONE,14,NA,16
18-10218934,STRAY DOG PICK UP - MD,NA,Animal_Services,Animal Services,3960 SW 109TH AVE,Miami_Dade_County,Florida,33165,District 10,20186,2018-06-01,2018-06-04,NA,OPEN,862969.945,509029.512,25.732691,-80.371789,"3960 SW 109TH AVE
MIAMI, Florida 33165
(25.732691, -80.371789)",PHONE,2,NA,16
18-10219051,STRAY / DOG-AT-LARGE,NA,Animal_Services,Animal Services,NW 36TH ST & NW 37TH AVE,City_of_Miami,Florida,33142,District 2,20186,2018-06-01,2018-06-01,NA,OPEN,900769.872,536815.062,25.808595,-80.256495,"NW 36TH ST &amp; NW 37TH AVE
MIAMI, Florida 33142
(25.808595, -80.256495)",PHONE,3,NA,16
18-10219434,ANIMAL CRUELTY INVESTIGATION,NA,Animal_Services,Animal Services,3055 N MIAMI AVE,City_of_Miami,Florida,33137,District 3,20186,2018-06-02,2018-06-04,NA,OPEN,921235.898,535675.548,25.805128,-80.194311,"3055 N MIAMI AVE
MIAMI, Florida 33137
(25.805128, -80.194311)",PHONE,14,NA,15
18-10219716,DEAD ANIMAL PICKUP MD,NA,Animal_Services,Animal Services,15255 SW 96TH ST,Miami_Dade_County,Florida,33196,District 11,20186,2018-06-03,2018-06-04,NA,OPEN,839671.613,488977.963,25.67781,-80.442817,"15255 SW 96TH ST
MIAMI, Florida 33196
(25.67781, -80.442817)",IPHONE,4,NA,14
18-10219879,STRAY / DOG-AT-LARGE,NA,Animal_Services,Animal Services,NW 101ST ST & NW 8TH AVE,Miami_Dade_County,Florida,33150,District 2,20186,2018-06-04,2018-06-04,NA,OPEN,915325.372,558228.748,25.867274,-80.211864,"NW 101ST ST &amp; NW 8TH AVE
MIAMI, Florida 33150
(25.867274, -80.211864)",PHONE,3,NA,13
18-10219894,STRAY / DOG-AT-LARGE,NA,Animal_Services,Animal Services,1303 SW 131ST AVE,Miami_Dade_County,Florida,33184,District 11,20186,2018-06-04,2018-06-04,NA,OPEN,851366.319,517220.583,25.755375,-80.406924,"1303 SW 131ST AVE
MIAMI, Florida 33184
(25.755375, -80.406924)",PHONE,3,NA,13
18-10219952,LOST PET,NA,Animal_Services,Animal Services,12051 SW 119TH ST,Miami_Dade_County,Florida,33186,District 8,20186,2018-06-04,2018-06-04,NA,OPEN,856697.564,481975.997,25.658338,-80.391221,"12051 SW 119TH ST
MIAMI, Florida 33186
(25.658338, -80.391221)",PHONE,3,NA,13
18-10219961,STRAY / DOG-AT-LARGE,NA,Animal_Services,Animal Services,19430 NW 4TH AVE,City_of_Miami_Gardens,Florida,33169,District 1,20186,2018-06-04,2018-06-04,NA,OPEN,915920.872,589389.247,25.952991,-80.209482,"19430 NW 4TH AVE
MIAMI, Florida 33169
(25.952991, -80.209482)",PHONE,3,NA,13
18-10219977,DEAD ANIMAL PICKUP MD,NA,Animal_Services,Animal Services,NW 6TH ST & NW 132ND PL,Miami_Dade_County,Florida,33182,District 12,20186,2018-06-04,2018-06-04,NA,OPEN,850190.437,523525.344,25.772735,-80.410411,"NW 6TH ST &amp; NW 132ND PL
MIAMI, Florida 33182
(25.772735, -80.410411)",PHONE,4,NA,13
18-10219987,STRAY / DOG-AT-LARGE,NA,Animal_Services,Animal Services,258 NE 57TH ST,City_of_Miami,Florida,33137,District 3,20186,2018-06-04,2018-06-04,NA,OPEN,922380.937,543897.312,25.827728,-80.190677,"258 NE 57TH ST
MIAMI, Florida 33137
(25.827728, -80.190677)",PHONE,3,NA,13
18-10220121,STRAY / DOG-AT-LARGE,NA,Animal_Services,Animal Services,9571 NW 13TH AVE,Miami_Dade_County,Florida,33147,District 2,20186,2018-06-04,2018-06-04,NA,OPEN,912798.873,556483.186,25.862513,-80.219578,"9571 NW 13TH AVE
MIAMI, Florida 33147
(25.862513, -80.219578)",PHONE,3,NA,13
18-10219723,STRAY / DOG-AT-LARGE,NA,Animal_Services,Animal Services,SW 270TH ST & SW 142ND AVE,Miami_Dade_County,Florida,33032,District 9,20186,2018-06-03,2018-06-04,NA,OPEN,847226.874,430246.907,25.516129,-80.420657,"SW 270TH ST &amp; SW 142ND AVE
MIAMI, Florida 33032
(25.516129, -80.420657)",WEB,3,NA,14
18-10219737,STRAY / DOG-AT-LARGE,NA,Animal_Services,Animal Services,18815 NW 62ND AVE,Miami_Dade_County,Florida,33015,District 1,20186,2018-06-03,2018-06-04,NA,OPEN,886486.435,586056.185,25.944283,-80.299109,"18815 NW 62ND AVE
MIAMI, Florida 33015
(25.944283, -80.299109)",WEB,3,NA,14
18-10219740,DEAD ANIMAL PICKUP MD,NA,Animal_Services,Animal Services,SW 192ND ST & SW 187TH AVE,Miami_Dade_County,Florida,33187,District 9,20186,2018-06-03,2018-06-04,NA,OPEN,822751.247,455874.813,25.586917,-80.494575,"SW 192ND ST &amp; SW 187TH AVE
MIAMI, Florida 33187
(25.586917, -80.494575)",INHOUSE,4,NA,14
18-10219795,DEAD ANIMAL PICKUP MD,NA,Animal_Services,Animal Services,12320 SW 216TH ST,Miami_Dade_County,Florida,33170,District 9,20186,2018-06-03,2018-06-04,NA,OPEN,856870.366,448357.29,25.565839,-80.391165,"12320 SW 216TH ST
MIAMI, Florida 33170
(25.565839, -80.391165)",INHOUSE,4,NA,14
18-10220223,ANIMAL SERVICES DOG TAG CHECK,NA,Animal_Services,Animal Services,15840 SW 97TH AVE,Miami_Dade_County,Florida,33157,District 9,20186,2018-06-04,2018-06-04,NA,OPEN,870730.56,468650.969,25.621493,-80.34882,"15840 SW 97TH AVE
MIAMI, Florida 33157
(25.621493, -80.34882)",PHONE,0,NA,13
18-10220263,DEAD ANIMAL PICKUP MD,NA,Animal_Services,Animal Services,NW 22ND AVE & NW 68TH ST,Miami_Dade_County,Florida,33147,District 3,20186,2018-06-04,2018-06-04,NA,OPEN,908382.185,546681.559,25.835619,-80.233183,"NW 22ND AVE &amp; NW 68TH ST
MIAMI, Florida 33147
(25.835619, -80.233183)",PHONE,4,NA,13
18-10220269,STRAY / DOG-AT-LARGE,NA,Animal_Services,Animal Services,2129 SW 3RD ST,City_of_Miami,Florida,33135,District 5,20186,2018-06-04,2018-06-04,NA,OPEN,909652.186,522787.125,25.76986,-80.229747,"2129 SW 3RD ST
MIAMI, Florida 33135
(25.76986, -80.229747)",PHONE,3,NA,13
18-10220383,STRAY DOG PICK UP - MD,NA,Animal_Services,Animal Services,18210 SW 192ND ST,Miami_Dade_County,Florida,33187,District 9,20186,2018-06-04,2018-06-04,NA,OPEN,825256.289,455878.777,25.586901,-80.486975,"18210 SW 192ND ST
MIAMI, Florida 33187
(25.586901, -80.486975)",PHONE,2,NA,13
18-10220418,STRAY / DOG-AT-LARGE,NA,Animal_Services,Animal Services,74 NE 69TH ST,City_of_Miami,Florida,33138,District 3,20186,2018-06-04,2018-06-04,NA,OPEN,920938.311,547729.937,25.838297,-80.194991,"74 NE 69TH ST
MIAMI, Florida 33138
(25.838297, -80.194991)",PHONE,3,NA,13
18-10220431,STRAY / DOG-AT-LARGE,NA,Animal_Services,Animal Services,2405 NW 87TH AVE,City_of_Doral,Florida,33172,District 12,20186,2018-06-04,2018-06-04,NA,OPEN,874492.636,532163.875,25.796184,-80.336435,"2405 NW 87TH AVE
MIAMI, Florida 33172
(25.796184, -80.336435)",PHONE,3,NA,13
18-10220468,DEAD ANIMAL PICKUP MD,NA,Animal_Services,Animal Services,14675 SW 120TH ST,Miami_Dade_County,Florida,33186,District 11,20186,2018-06-04,2018-06-04,NA,OPEN,843629.974,481149.741,25.656225,-80.430901,"14675 SW 120TH ST
MIAMI, Florida 33186
(25.656225, -80.430901)",PHONE,4,NA,13
18-10220515,DEAD ANIMAL PICKUP MD,NA,Animal_Services,Animal Services,11151 SW 128TH PL,Miami_Dade_County,Florida,33186,District 8,20186,2018-06-04,2018-06-04,NA,OPEN,852655.433,484110.964,25.664263,-80.403462,"11151 SW 128TH PL
MIAMI, Florida 33186
(25.664263, -80.403462)",PHONE,4,NA,13
18-10220613,DEAD ANIMAL PICKUP MD,NA,Animal_Services,Animal Services,2265 NW 73RD ST,Miami_Dade_County,Florida,33147,District 2,20186,2018-06-04,2018-06-04,NA,OPEN,907917.119,548739.113,25.841287,-80.23456,"2265 NW 73RD ST
MIAMI, Florida 33147
(25.841287, -80.23456)",ANDROID,4,NA,13
18-10220636,DEAD ANIMAL PICKUP MD,NA,Animal_Services,Animal Services,18100 NW 87TH AVE,Miami_Dade_County,Florida,33018,District 13,20186,2018-06-04,2018-06-04,NA,OPEN,872365.327,583693.203,25.937983,-80.342115,"18100 NW 87TH AVE
MIAMI, Florida 33018
(25.937983, -80.342115)",PHONE,4,NA,13
18-10220692,LOST PET,NA,Animal_Services,Animal Services,15140 SW 297TH ST,Miami_Dade_County,Florida,33033,District 8,20186,2018-06-04,2018-06-04,NA,OPEN,842051.064,421160.222,25.491189,-80.436467,"15140 SW 297TH ST
MIAMI, Florida 33033
(25.491189, -80.436467)",PHONE,3,NA,13
18-10220693,STRAY / DOG-AT-LARGE,NA,Animal_Services,Animal Services,12797 SW 280TH ST,Miami_Dade_County,Florida,33032,District 9,20186,2018-06-04,2018-06-04,NA,OPEN,854599.311,427029.202,25.507186,-80.398347,"12797 SW 280TH ST
MIAMI, Florida 33032
(25.507186, -80.398347)",PHONE,3,NA,13
18-10220697,STRAY / DOG-AT-LARGE,NA,Animal_Services,Animal Services,3600 SW 10TH ST,City_of_Miami,Florida,33135,District 7,20186,2018-06-04,2018-06-04,NA,OPEN,901926.315,520013.223,25.762351,-80.253269,"3600 SW 10TH ST
MIAMI, Florida 33135
(25.762351, -80.253269)",PHONE,3,NA,13
18-10220704,STRAY / DOG-AT-LARGE,NA,Animal_Services,Animal Services,15760 NW 27TH AVE,City_of_Miami_Gardens,Florida,33054,District 1,20186,2018-06-04,2018-06-04,NA,OPEN,904376.749,576238,25.916998,-80.244843,"15760 NW 27TH AVE
MIAMI, Florida 33054
(25.916998, -80.244843)",WEB,3,NA,13
18-10220768,DEAD ANIMAL PICKUP MD,NA,Animal_Services,Animal Services,NW 22ND CT & NW 73RD ST,Miami_Dade_County,Florida,33147,District 2,20186,2018-06-04,2018-06-04,NA,OPEN,907962.373,548664.31,25.841081,-80.234424,"NW 22ND CT &amp; NW 73RD ST
MIAMI, Florida 33147
(25.841081, -80.234424)",EMAIL,4,NA,13
18-10220875,STRAY / DOG-AT-LARGE,NA,Animal_Services,Animal Services,31810 SW 230TH AVE,Miami_Dade_County,Florida,33030,District 9,20186,2018-06-04,2018-06-04,NA,OPEN,800397.698,413658.187,25.470978,-80.562816,"31810 SW 230TH AVE
MIAMI, Florida 33030
(25.470978, -80.562816)",PHONE,3,NA,13
18-10220971,DEAD ANIMAL PICKUP MD,NA,Animal_Services,Animal Services,NW 12TH ST & NW 72ND AVE,Miami_Dade_County,Florida,33126,District 6,20186,2018-06-04,2018-06-04,NA,OPEN,882382.686,527258.372,25.782577,-80.312533,"NW 12TH ST &amp; NW 72ND AVE
MIAMI, Florida 33126
(25.782577, -80.312533)",PHONE,4,NA,13
18-10221055,DEAD ANIMAL PICKUP MD,NA,Animal_Services,Animal Services,SW 112TH AVE & SW 45TH ST,Miami_Dade_County,Florida,33165,District 10,20186,2018-06-04,2018-06-04,NA,OPEN,861799.247,506277.469,25.725134,-80.375385,"SW 112TH AVE &amp; SW 45TH ST
MIAMI, Florida 33165
(25.725134, -80.375385)",PHONE,4,NA,13
18-10221093,DEAD ANIMAL PICKUP MD,NA,Animal_Services,Animal Services,NW 32ND ST & NW 6TH AVE,City_of_Miami,Florida,33127,District 3,20186,2018-06-04,2018-06-04,NA,OPEN,917593.748,536127.122,25.806431,-80.205372,"NW 32ND ST &amp; NW 6TH AVE
MIAMI, Florida 33127
(25.806431, -80.205372)",PHONE,4,NA,13
18-10221209,STRAY / DOG-AT-LARGE,NA,Animal_Services,Animal Services,17211 NW 24TH PL,City_of_Miami_Gardens,Florida,33056,District 1,20186,2018-06-04,2018-06-04,NA,OPEN,905236.062,581482.247,25.931412,-80.242136,"17211 NW 24TH PL
MIAMI, Florida 33056
(25.931412, -80.242136)",PHONE,3,NA,13
18-10221259,DEAD ANIMAL PICKUP MD,NA,Animal_Services,Animal Services,SW 216TH ST & US 1,Miami_Dade_County,Florida,33170,District 9,20186,2018-06-04,2018-06-04,NA,OPEN,860023.112,448523.82,25.566257,-80.381599,"SW 216TH ST &amp; US 1
MIAMI, Florida 33170
(25.566257, -80.381599)",PHONE,4,NA,13
18-10221297,STRAY DOG PICK UP - MD,NA,Animal_Services,Animal Services,3551 SW 10TH ST,City_of_Miami,Florida,33135,District 7,20186,2018-06-04,2018-06-04,NA,OPEN,902139.579,520156.726,25.762743,-80.252619,"3551 SW 10TH ST
MIAMI, Florida 33135
(25.762743, -80.252619)",PHONE,2,NA,13
18-10221360,STRAY DOG PICK UP - MD,NA,Animal_Services,Animal Services,3551 SW 10TH ST,City_of_Miami,Florida,33135,District 7,20186,2018-06-04,2018-06-04,NA,OPEN,902139.579,520156.726,25.762743,-80.252619,"3551 SW 10TH ST
MIAMI, Florida 33135
(25.762743, -80.252619)",PHONE,2,NA,13
18-10221392,STRAY / DOG-AT-LARGE,NA,Animal_Services,Animal Services,1906 SE 23RD CT,City_of_Homestead,Florida,33035,District 9,20186,2018-06-04,2018-06-04,NA,OPEN,837685.507,405549.003,25.448286,-80.449897000000007,"1906 SE 23RD CT
HOMESTEAD, Florida 33035
(25.448286, -80.449897)",PHONE,3,NA,13
18-10221429,STRAY / DOG-AT-LARGE,NA,Animal_Services,Animal Services,6950 NW 4TH AVE,City_of_Miami,Florida,33150,District 3,20186,2018-06-04,2018-06-04,NA,OPEN,918114.499,547882.353,25.838763,-80.203573,"6950 NW 4TH AVE
MIAMI, Florida 33150
(25.838763, -80.203573)",PHONE,3,NA,13
18-10221446,LOST PET,NA,Animal_Services,Animal Services,635 E 29TH ST,City_of_Hialeah,Florida,33013,District 13,20186,2018-06-04,2018-06-04,NA,OPEN,896325.998,551472.562,25.848989,-80.269754,"635 E 29TH ST
MIAMI, Florida 33013
(25.848989, -80.269754)",PHONE,3,NA,13
18-10221483,DEAD ANIMAL PICKUP MD,NA,Animal_Services,Animal Services,7801 SW 147TH ST,City_of_Palmetto_Bay,Florida,33158,District 8,20186,2018-06-04,2018-06-04,NA,OPEN,880274.185,473273.78,25.63408,-80.319785,"7801 SW 147TH ST
MIAMI, Florida 33158
(25.63408, -80.319785)",PHONE,4,NA,13
18-10221579,STRAY / DOG-AT-LARGE,NA,Animal_Services,Animal Services,10855 SW 154TH TER,Miami_Dade_County,Florida,33157,District 9,20186,2018-06-04,2018-06-04,NA,OPEN,863899.498,470068.904,25.625485,-80.36953,"10855 SW 154TH TER
MIAMI, Florida 33157
(25.625485, -80.36953)",PHONE,3,NA,13
18-10221627,STRAY DOG PICK UP - MD,NA,Animal_Services,Animal Services,115 NE 191ST ST,Miami_Dade_County,Florida,33179,District 1,20186,2018-06-04,2018-06-04,NA,OPEN,919266.811,588466.311,25.950396,-80.199317,"115 NE 191ST ST
MIAMI, Florida 33179
(25.950396, -80.199317)",PHONE,2,NA,13
18-10221698,ANIMAL SERVICES DOG TAG CHECK,NA,Animal_Services,Animal Services,3441 NW 194TH TER,City_of_Miami_Gardens,Florida,33056,District 1,20186,2018-06-04,2018-06-04,NA,OPEN,899645.686,588641.623,25.951196,-80.259022,"3441 NW 194TH TER
MIAMI, Florida 33056
(25.951196, -80.259022)",PHONE,0,NA,13
18-10221712,STRAY / DOG-AT-LARGE,NA,Animal_Services,Animal Services,9828 NW 126TH TER,City_of_Hialeah_Gardens,Florida,33018,District 12,20186,2018-06-04,2018-06-04,NA,OPEN,866831.312,565490.811,25.88798,-80.359225,"9828 NW 126TH TER
MIAMI, Florida 33018
(25.88798, -80.359225)",PHONE,3,NA,13
18-10221865,ANIMAL SERVICES DOG TAG CHECK,NA,Animal_Services,Animal Services,3975 NW 185TH ST,City_of_Miami_Gardens,Florida,33055,District 1,20186,2018-06-04,2018-06-04,NA,OPEN,896867.312,585390.498,25.942295,-80.267532,"3975 NW 185TH ST
MIAMI, Florida 33055
(25.942295, -80.267532)",WALKIN,0,NA,13
18-10221920,DEAD ANIMAL PICKUP MD,NA,Animal_Services,Animal Services,8798 NW 15TH ST,City_of_Doral,Florida,33172,District 12,20186,2018-06-04,2018-06-04,NA,OPEN,873865.7,528897.217,25.787206,-80.33839,"8798 NW 15TH ST
MIAMI, Florida 33172
(25.787206, -80.33839)",PHONE,4,NA,13
18-10221979,ANIMAL SERVICES DOG TAG CHECK,NA,Animal_Services,Animal Services,3720 NW 201ST TER,City_of_Miami_Gardens,Florida,33055,District 1,20186,2018-06-04,2018-06-04,NA,OPEN,898465.064,590726.587,25.956951,-80.262579,"3720 NW 201ST TER
MIAMI, Florida 33055
(25.956951, -80.262579)",PHONE,0,NA,13
18-10221981,DEAD ANIMAL PICKUP MD,NA,Animal_Services,Animal Services,3080 NW 99TH ST,Miami_Dade_County,Florida,33147,District 2,20186,2018-06-04,2018-06-04,NA,OPEN,903317.935,557121.81,25.864422,-80.248397,"3080 NW 99TH ST
MIAMI, Florida 33147
(25.864422, -80.248397)",PHONE,4,NA,13
18-10222044,STRAY / DOG-AT-LARGE,NA,Animal_Services,Animal Services,NW 202ND TER & NW 3RD AVE,City_of_Miami_Gardens,Florida,33169,District 1,20186,2018-06-04,2018-06-04,NA,OPEN,916415.497,592243.062,25.960834,-80.207924,"NW 202ND TER &amp; NW 3RD AVE
MIAMI, Florida 33169
(25.960834, -80.207924)",PHONE,3,NA,13
18-10222082,ANIMAL SERVICES DOG TAG CHECK,NA,Animal_Services,Animal Services,1090 NW 91ST ST,Miami_Dade_County,Florida,33150,District 2,20186,2018-06-04,2018-06-04,NA,OPEN,914236.997,554742.936,25.857702,-80.215237,"1090 NW 91ST ST
MIAMI, Florida 33150
(25.857702, -80.215237)",PHONE,0,NA,13
18-10222118,STRAY DOG PICK UP - MD,NA,Animal_Services,Animal Services,1700 NW 1ST CT,City_of_Miami,Florida,33136,District 3,20186,2018-06-04,2018-06-04,NA,OPEN,920130.062,530790.623,25.791707,-80.197763,"1700 NW 1ST CT
MIAMI, Florida 33136
(25.791707, -80.197763)",PHONE,2,NA,13
18-10222154,STRAY / DOG-AT-LARGE,NA,Animal_Services,Animal Services,NW 63RD TER & NW 102ND AVE,City_of_Doral,Florida,33178,District 12,20186,2018-06-04,2018-06-04,NA,OPEN,865986.188,544790.013,25.831038,-80.362101,"NW 63RD TER &amp; NW 102ND AVE
MIAMI, Florida 33178
(25.831038, -80.362101)",PHONE,3,NA,13
18-10222228,DEAD ANIMAL PICKUP MD,NA,Animal_Services,Animal Services,SW 127TH AVE & SW 116TH ST,Miami_Dade_County,Florida,33186,District 8,20186,2018-06-04,2018-06-04,NA,OPEN,853888.545,482739.387,25.660474,-80.399738,"SW 127TH AVE &amp; SW 116TH ST
MIAMI, Florida 33186
(25.660474, -80.399738)",PHONE,4,NA,13
18-10222270,STRAY DOG PICK UP - MD,NA,Animal_Services,Animal Services,14600 NE 5TH CT,Miami_Dade_County,Florida,33161,District 2,20186,2018-06-04,2018-06-04,NA,OPEN,922702.687,573596.499,25.909429,-80.189142,"14600 NE 5TH CT
MIAMI, Florida 33161
(25.909429, -80.189142)",PHONE,2,NA,13
18-10208844,STRAY / DOG-AT-LARGE,NA,Animal_Services,Animal Services,2503 NW 37TH ST,City_of_Miami,Florida,33142,District 2,20185,2018-05-27,2018-05-29,NA,OPEN,906528.686,537612.997,25.810699,-80.238977,"2503 NW 37TH ST
MIAMI, Florida 33142
(25.810699, -80.238977)",WEB,3,NA,21
18-10208848,STRAY / DOG-AT-LARGE,NA,Animal_Services,Animal Services,26991 SW 134TH PL,Miami_Dade_County,Florida,33032,District 9,20185,2018-05-27,2018-05-29,NA,OPEN,850816.066,430377.657,25.516445,-80.409772,"26991 SW 134TH PL
MIAMI, Florida 33032
(25.516445, -80.409772)",WEB,3,NA,21
18-10208577,STRAY / DOG-AT-LARGE,NA,Animal_Services,Animal Services,3671 NW 101ST ST,Miami_Dade_County,Florida,33147,District 2,20185,2018-05-26,2018-06-04,NA,OPEN,900062.185,557821.247,25.866398,-80.258285,"3671 NW 101ST ST
MIAMI, Florida 33147
(25.866398, -80.258285)",PHONE,3,NA,22
18-10208711,STRAY / DOG-AT-LARGE,NA,Animal_Services,Animal Services,2311 NW 86TH ST,Miami_Dade_County,Florida,33147,District 2,20185,2018-05-26,2018-05-27,NA,OPEN,907305.122,552835.186,25.852566,-80.236348,"2311 NW 86TH ST
MIAMI, Florida 33147
(25.852566, -80.236348)",PHONE,3,NA,22
18-10208782,STRAY / DOG-AT-LARGE,NA,Animal_Services,Animal Services,3231 NW 94TH ST,Miami_Dade_County,Florida,33147,District 2,20185,2018-05-26,2018-05-27,NA,OPEN,902467.748,555278.25,25.859364,-80.251014,"3231 NW 94TH ST
MIAMI, Florida 33147
(25.859364, -80.251014)",PHONE,3,NA,22
18-10208900,TETHERED DOG,NA,Animal_Services,Animal Services,20 W 32ND ST,City_of_Hialeah,Florida,33012,District 6,20185,2018-05-27,2018-05-27,NA,OPEN,892009.108,552215.148,25.851097,-80.282867,"20 W 32ND ST
MIAMI, Florida 33012
(25.851097, -80.282867)",INHOUSE,14,NA,21
18-10208901,TETHERED DOG,NA,Animal_Services,Animal Services,928 NW 55TH TER,City_of_Miami,Florida,33127,District 3,20185,2018-05-27,2018-05-27,NA,OPEN,915414.381,543298.924,25.826198,-80.211866,"928 NW 55TH TER
MIAMI, Florida 33127
(25.826198, -80.211866)",INHOUSE,14,NA,21
18-10197810,STRAY / DOG-AT-LARGE,NA,Animal_Services,Animal Services,1719 NW 62ND ST,Miami_Dade_County,Florida,33147,District 3,20185,2018-05-19,2018-05-21,NA,OPEN,910957.147,545272.254,25.8317,-80.22538,"1719 NW 62ND ST
MIAMI, Florida 33147
(25.8317, -80.22538)",WEB,3,NA,29
18-10197994,STRAY / DOG-AT-LARGE,NA,Animal_Services,Animal Services,12175 SW 250TH TER,Miami_Dade_County,Florida,33032,District 8,20185,2018-05-19,2018-05-19,NA,OPEN,857870.739,436913.906,25.534341,-80.38829,"12175 SW 250TH TER
MIAMI, Florida 33032
(25.534341, -80.38829)",PHONE,3,NA,29
18-10198049,STRAY / DOG-AT-LARGE,NA,Animal_Services,Animal Services,27820 SW 174TH AVE,Miami_Dade_County,Florida,33031,District 8,20185,2018-05-19,2018-05-19,NA,OPEN,829647.689,426993.689,25.507379,-80.473999,"27820 SW 174TH AVE
MIAMI, Florida 33031
(25.507379, -80.473999)",PHONE,3,NA,29
18-10198083,LOST PET,NA,Animal_Services,Animal Services,9603 SW 69TH PL,City_of_Pinecrest,Florida,33156,District 7,20185,2018-05-19,2018-05-19,NA,OPEN,883981.998,490478.904,25.681364,-80.308259,"9603 SW 69TH PL
MIAMI, Florida 33156
(25.681364, -80.308259)",PHONE,3,NA,29
18-10198115,STRAY / DOG-AT-LARGE,NA,Animal_Services,Animal Services,1480 NW 73RD ST,Miami_Dade_County,Florida,33147,District 3,20185,2018-05-19,2018-05-29,NA,OPEN,911801.375,548756.435,25.841272,-80.222751,"1480 NW 73RD ST
MIAMI, Florida 33147
(25.841272, -80.222751)",PHONE,3,NA,29
18-10209057,ANIMAL BITE TO A PERSON,NA,Animal_Services,Animal Services,1463 NE 181ST ST,City_of_North_Miami_Beach,Florida,33162,District 4,20185,2018-05-28,2018-06-01,NA,OPEN,928425.747,585608.125,25.942376,-80.171501,"1463 NE 181ST ST
MIAMI, Florida 33162
(25.942376, -80.171501)",INHOUSE,14,NA,20
18-10216593,STRAY / DOG-AT-LARGE,NA,Animal_Services,Animal Services,8895 NW S RIVER DR,Town_of_Medley,Florida,33166,District 12,20185,2018-05-31,2018-05-31,NA,OPEN,878565.046,553294.069,25.854262,-80.323728,"8895 NW S RIVER DR
MIAMI, Florida 33166
(25.854262, -80.323728)",PHONE,3,NA,17
18-10216611,STRAY / DOG-AT-LARGE,NA,Animal_Services,Animal Services,1035 NE 107TH ST,Miami_Dade_County,Florida,33161,District 3,20185,2018-05-31,2018-05-31,NA,OPEN,926593.685,560867.562,25.874344,-80.177548,"1035 NE 107TH ST
MIAMI, Florida 33161
(25.874344, -80.177548)",PHONE,3,NA,17
18-10216732,STRAY / DOG-AT-LARGE,NA,Animal_Services,Animal Services,3350 W 18TH AVE,City_of_Hialeah,Florida,33012,District 13,20185,2018-05-31,2018-05-31,NA,OPEN,879914.248,552797.499,25.852876,-80.319633,"3350 W 18TH AVE
MIAMI, Florida 33012
(25.852876, -80.319633)",PHONE,3,NA,17
18-10216756,LOST PET,NA,Animal_Services,Animal Services,28821 SW 147TH AVE,Miami_Dade_County,Florida,33033,District 8,20185,2018-05-31,2018-05-31,NA,OPEN,844645.625,423998.065,25.498967,-80.428565,"28821 SW 147TH AVE
MIAMI, Florida 33033
(25.498967, -80.428565)",PHONE,3,NA,17
18-10216895,STRAY / DOG-AT-LARGE,NA,Animal_Services,Animal Services,12393 SW 250TH TER,Miami_Dade_County,Florida,33032,District 8,20185,2018-05-31,2018-05-31,NA,OPEN,856619.25,437195.784,25.535133,-80.392082,"12393 SW 250TH TER
MIAMI, Florida 33032
(25.535133, -80.392082)",PHONE,3,NA,17
18-10217148,DOG TRAP REQUEST,NA,Animal_Services,Animal Services,1049 NW 83RD ST,Miami_Dade_County,Florida,33150,District 2,20185,2018-05-31,2018-05-31,NA,OPEN,914538.249,552271.498,25.850898,-80.214366,"1049 NW 83RD ST
MIAMI, Florida 33150
(25.850898, -80.214366)",PHONE,12,NA,17
18-10198272,TETHERED DOG,NA,Animal_Services,Animal Services,1894 NW 55TH TER,City_of_Miami,Florida,33142,District 3,20185,2018-05-20,2018-05-20,NA,OPEN,909941.56,543057.499,25.825623,-80.228507,"1894 NW 55TH TER
MIAMI, Florida 33142
(25.825623, -80.228507)",INHOUSE,14,NA,28
18-10198322,TETHERED DOG,NA,Animal_Services,Animal Services,3491 NW 211TH ST,City_of_Miami_Gardens,Florida,33056,District 1,20185,2018-05-20,2018-05-20,NA,OPEN,899217.747,594743.372,25.96799,-80.260219,"3491 NW 211TH ST
MIAMI, Florida 33056
(25.96799, -80.260219)",INHOUSE,14,NA,28
18-10198095,STRAY / DOG-AT-LARGE,NA,Animal_Services,Animal Services,600 SHARAR AVE,City_of_Opa-Locka,Florida,33054,District 1,20185,2018-05-19,2018-05-28,NA,OPEN,900919.02,572126.514,25.905741,-80.255433,"600 SHARAR AVE
MIAMI, Florida 33054
(25.905741, -80.255433)",PHONE,3,NA,29
18-10209158,TETHERED DOG,NA,Animal_Services,Animal Services,9951 NW 25TH TER,City_of_Doral,Florida,33172,District 12,20185,2018-05-29,2018-05-29,NA,OPEN,867425.289,532524.553,25.797273,-80.357908,"9951 NW 25TH TER
MIAMI, Florida 33172
(25.797273, -80.357908)",PHONE,14,NA,19
18-10209167,STRAY / DOG-AT-LARGE,NA,Animal_Services,Animal Services,360 W 53RD ST,City_of_Hialeah,Florida,33012,District 13,20185,2018-05-29,2018-05-29,NA,OPEN,889730.999,559111.187,25.870104,-80.28968,"360 W 53RD ST
MIAMI, Florida 33012
(25.870104, -80.28968)",PHONE,3,NA,19
18-10208857,STRAY / DOG-AT-LARGE,NA,Animal_Services,Animal Services,9782 NW 128TH LN,City_of_Hialeah_Gardens,Florida,33018,District 12,20185,2018-05-27,2018-05-29,NA,OPEN,867022.06,566179.124,25.889871,-80.358635,"9782 NW 128TH LN
MIAMI, Florida 33018
(25.889871, -80.358635)",WEB,3,NA,21
18-10208940,STRAY / DOG-AT-LARGE,NA,Animal_Services,Animal Services,10994 NE 12TH AVE,Miami_Dade_County,Florida,33161,District 3,20185,2018-05-28,2018-05-29,NA,OPEN,927808.492,561651.105,25.876478,-80.173839,"10994 NE 12TH AVE
MIAMI, Florida 33161
(25.876478, -80.173839)",IPHONE,3,NA,20
18-10209201,ANIMAL BITE TO A PERSON,NA,Animal_Services,Animal Services,8804 SW 141ST ST,City_of_Palmetto_Bay,Florida,33176,District 8,20185,2018-05-29,2018-06-02,NA,OPEN,875288.432,475076.731,25.63911,-80.33489,"8804 SW 141ST ST
MIAMI, Florida 33176
(25.63911, -80.33489)",PHONE,14,NA,19
18-10209296,STRAY / DOG-AT-LARGE,NA,Animal_Services,Animal Services,2948 NW 59TH ST,Miami_Dade_County,Florida,33142,District 3,20185,2018-05-29,2018-06-01,NA,OPEN,904832.827,543959.903,25.828188,-80.244021,"2948 NW 59TH ST
MIAMI, Florida 33142
(25.828188, -80.244021)",PHONE,3,NA,19
18-10209564,STRAY / DOG-AT-LARGE,NA,Animal_Services,Animal Services,7020 W 35TH AVE,City_of_Hialeah,Florida,33018,District 12,20185,2018-05-29,2018-05-29,NA,OPEN,868054.533,564928.799,25.886417,-80.355513,"7020 W 35TH AVE
MIAMI, Florida 33018
(25.886417, -80.355513)",PHONE,3,NA,19
18-10209648,FOUND PET,NA,Animal_Services,Animal Services,1795 SW 12TH ST,City_of_Miami,Florida,33135,District 5,20185,2018-05-29,2018-05-29,NA,OPEN,911490.185,519893.468,25.76187,-80.224214,"1795 SW 12TH ST
MIAMI, Florida 33135
(25.76187, -80.224214)",PHONE,10,NA,19
18-10209687,STRAY / DOG-AT-LARGE,NA,Animal_Services,Animal Services,25806 SW 123RD CT,Miami_Dade_County,Florida,33032,District 8,20185,2018-05-29,2018-05-29,NA,OPEN,856869.251,434477.345,25.52765,-80.391361,"25806 SW 123RD CT
MIAMI, Florida 33032
(25.52765, -80.391361)",PHONE,3,NA,19
18-10209740,LOST PET,NA,Animal_Services,Animal Services,9420 SW 65TH ST,Miami_Dade_County,Florida,33173,District 10,20185,2018-05-29,2018-05-29,NA,OPEN,871159.124,499979.093,25.707681,-80.34705,"9420 SW 65TH ST
MIAMI, Florida 33173
(25.707681, -80.34705)",PHONE,3,NA,19
18-10209744,STRAY / DOG-AT-LARGE,NA,Animal_Services,Animal Services,19430 NW 4TH AVE,City_of_Miami_Gardens,Florida,33169,District 1,20185,2018-05-29,2018-05-29,NA,OPEN,915920.872,589389.247,25.952991,-80.209482,"19430 NW 4TH AVE
MIAMI, Florida 33169
(25.952991, -80.209482)",PHONE,3,NA,19
18-10209750,LOST PET,NA,Animal_Services,Animal Services,9420 SW 65TH ST,Miami_Dade_County,Florida,33173,District 10,20185,2018-05-29,2018-05-29,NA,OPEN,871159.124,499979.093,25.707681,-80.34705,"9420 SW 65TH ST
MIAMI, Florida 33173
(25.707681, -80.34705)",PHONE,3,NA,19
18-10209796,STRAY / DOG-AT-LARGE,NA,Animal_Services,Animal Services,2536 NW 24TH ST,City_of_Miami,Florida,33142,District 2,20185,2018-05-29,2018-05-29,NA,OPEN,906708.767,533246.068,25.798682,-80.238506,"2536 NW 24TH ST
MIAMI, Florida 33142
(25.798682, -80.238506)",PHONE,3,NA,19
18-10209907,LOST PET,NA,Animal_Services,Animal Services,6195 W 18TH AVE,City_of_Hialeah,Florida,33012,District 12,20185,2018-05-29,2018-05-29,NA,OPEN,880373.726,562224.965,25.878807,-80.318087,"6195 W 18TH AVE
MIAMI, Florida 33012
(25.878807, -80.318087)",PHONE,3,NA,19
18-10210081,STRAY / DOG-AT-LARGE,NA,Animal_Services,Animal Services,8745 NW 23RD AVE,Miami_Dade_County,Florida,33147,District 2,20185,2018-05-29,2018-05-29,NA,OPEN,907532.623,553405.248,25.854131,-80.235647,"8745 NW 23RD AVE
MIAMI, Florida 33147
(25.854131, -80.235647)",PHONE,3,NA,19
18-10210121,STRAY / DOG-AT-LARGE,NA,Animal_Services,Animal Services,7080 W 35TH AVE,City_of_Hialeah,Florida,33018,District 12,20185,2018-05-29,2018-05-29,NA,OPEN,868048.436,565092.091,25.886866,-80.355529,"7080 W 35TH AVE
MIAMI, Florida 33018
(25.886866, -80.355529)",PHONE,3,NA,19
18-10210201,STRAY / DOG-AT-LARGE,NA,Animal_Services,Animal Services,14370 SW 205TH AVE,Miami_Dade_County,Florida,33196,District 9,20185,2018-05-29,2018-05-29,NA,OPEN,812259.567,471732.96,25.630656,-80.526234,"14370 SW 205TH AVE
MIAMI, Florida 33196
(25.630656, -80.526234)",PHONE,3,NA,19
18-10210290,STRAY / DOG-AT-LARGE,NA,Animal_Services,Animal Services,20901 SW 376TH ST,Miami_Dade_County,Florida,33034,District 9,20185,2018-05-29,2018-05-29,NA,OPEN,811321.26,394800.925,25.41899,-80.529908,"20901 SW 376TH ST
MIAMI, Florida 33034
(25.41899, -80.529908)",PHONE,3,NA,19
18-10210462,TETHERED DOG,NA,Animal_Services,Animal Services,11815 NE 2ND AVE,Miami_Dade_County,Florida,33161,District 3,20185,2018-05-29,2018-05-29,NA,OPEN,921137.199,564227.37,25.88368,-80.194079,"11815 NE 2ND AVE
MIAMI, Florida 33161
(25.88368, -80.194079)",PHONE,14,NA,19
18-10210622,ANIMAL SERVICES DOG TAG CHECK,NA,Animal_Services,Animal Services,19610 NE MIAMI CT,Miami_Dade_County,Florida,33179,District 1,20185,2018-05-29,2018-06-03,NA,OPEN,918736.937,590046.685,25.954753,-80.2009,"19610 NE MIAMI CT
MIAMI, Florida 33179
(25.954753, -80.2009)",PHONE,0,NA,19
18-10211341,LOST PET,NA,Animal_Services,Animal Services,19334 NW 67TH PL,Miami_Dade_County,Florida,33015,District 1,20185,2018-05-29,2018-05-29,NA,OPEN,882873.873,587474.623,25.948238,-80.310079,"19334 NW 67TH PL
MIAMI, Florida 33015
(25.948238, -80.310079)",PHONE,3,NA,19
18-10211288,STRAY / DOG-AT-LARGE,NA,Animal_Services,Animal Services,4624 NW 133RD ST,City_of_Opa-Locka,Florida,33054,District 2,20185,2018-05-29,2018-05-31,NA,OPEN,894741.262,568070.633,25.894678,-80.274293,"4624 NW 133RD ST
MIAMI, Florida 33054
(25.894678, -80.274293)",PHONE,3,NA,19
18-10211417,STRAY / DOG-AT-LARGE,NA,Animal_Services,Animal Services,14432 SW 280TH ST,Miami_Dade_County,Florida,33033,District 9,20185,2018-05-29,2018-05-29,NA,OPEN,845798.849,426272.31,25.50521,-80.425039,"14432 SW 280TH ST
MIAMI, Florida 33033
(25.50521, -80.425039)",PHONE,3,NA,19
18-10211586,STRAY / DOG-AT-LARGE,NA,Animal_Services,Animal Services,1395 NW 22ND ST,City_of_Miami,Florida,33142,District 3,20185,2018-05-29,2018-05-29,NA,OPEN,913120.875,533000.998,25.797905,-80.219023000000007,"1395 NW 22ND ST
MIAMI, Florida 33142
(25.797905, -80.219023)",PHONE,3,NA,19
18-10211604,STRAY / DOG-AT-LARGE,NA,Animal_Services,Animal Services,11255 NW 106TH ST,Miami_Dade_County,Florida,33178,District 12,20185,2018-05-29,2018-05-29,NA,OPEN,859887.758,559025.771,25.870285,-80.380437,"11255 NW 106TH ST
MIAMI, Florida 33178
(25.870285, -80.380437)",PHONE,3,NA,19
18-10211636,STRAY / DOG-AT-LARGE,NA,Animal_Services,Animal Services,1325 PERI ST,City_of_Opa-Locka,Florida,33054,District 1,20185,2018-05-29,2018-05-29,NA,OPEN,904267.457,573761.593,25.910186,-80.245219,"1325 PERI ST
MIAMI, Florida 33054
(25.910186, -80.245219)",PHONE,3,NA,19
18-10199053,STRAY / DOG-AT-LARGE,NA,Animal_Services,Animal Services,18710 SW 122ND AVE,Miami_Dade_County,Florida,33177,District 9,20185,2018-05-21,2018-05-21,NA,OPEN,857460.189,458723.127,25.594352,-80.389231,"18710 SW 122ND AVE
MIAMI, Florida 33177
(25.594352, -80.389231)",PHONE,3,NA,27
18-10199435,STRAY / DOG-AT-LARGE,NA,Animal_Services,Animal Services,3350 W 18TH AVE,City_of_Hialeah,Florida,33012,District 13,20185,2018-05-21,2018-05-21,NA,OPEN,879914.248,552797.499,25.852876,-80.319633,"3350 W 18TH AVE
MIAMI, Florida 33012
(25.852876, -80.319633)",PHONE,3,NA,27
18-10199768,STRAY / DOG-AT-LARGE,NA,Animal_Services,Animal Services,15320 NW 32ND CT,City_of_Miami_Gardens,Florida,33054,District 1,20185,2018-05-21,2018-05-28,NA,OPEN,901637.812,575128.873,25.913989,-80.253194,"15320 NW 32ND CT
MIAMI, Florida 33054
(25.913989, -80.253194)",PHONE,3,NA,27
18-10200020,TETHERED DOG,NA,Animal_Services,Animal Services,229 NW 49TH ST,City_of_Miami,Florida,33127,District 3,20185,2018-05-21,2018-05-21,NA,OPEN,919231.311,541371.249,25.820832,-80.200298,"229 NW 49TH ST
MIAMI, Florida 33127
(25.820832, -80.200298)",PHONE,14,NA,27
18-10200462,STRAY / DOG-AT-LARGE,NA,Animal_Services,Animal Services,NW 22ND AVE & NW 7TH ST,City_of_Miami,Florida,33125,District 5,20185,2018-05-21,2018-05-21,NA,OPEN,909154.487,526363.83,25.779709,-80.231196,"NW 22ND AVE &amp; NW 7TH ST
MIAMI, Florida 33125
(25.779709, -80.231196)",PHONE,3,NA,27
18-10202969,STRAY / DOG-AT-LARGE,NA,Animal_Services,Animal Services,SW 42ND AVE & W FLAGLER ST,City_of_Miami,Florida,33134,District 6,20185,2018-05-23,2018-06-01,NA,OPEN,898492.393,523385.766,25.771683,-80.263645,"SW 42ND AVE &amp; W FLAGLER ST
MIAMI, Florida 33134
(25.771683, -80.263645)",PHONE,3,NA,25
18-10198400,STRAY / DOG-AT-LARGE,NA,Animal_Services,Animal Services,1421 NW 53RD ST,City_of_Miami,Florida,33142,District 3,20185,2018-05-21,2018-05-21,NA,OPEN,912470.562,542472.249,25.823972,-80.220829,"1421 NW 53RD ST
MIAMI, Florida 33142
(25.823972, -80.220829)",PHONE,3,NA,27
18-10198402,STRAY / DOG-AT-LARGE,NA,Animal_Services,Animal Services,17144 NW 24TH PL,City_of_Miami_Gardens,Florida,33056,District 1,20185,2018-05-21,2018-05-21,NA,OPEN,905094.999,581238.25,25.930743,-80.24257,"17144 NW 24TH PL
MIAMI, Florida 33056
(25.930743, -80.24257)",PHONE,3,NA,27
18-10198481,STRAY / DOG-AT-LARGE,NA,Animal_Services,Animal Services,5701 NW 111TH ST,Miami_Dade_County,Florida,33012,District 13,20185,2018-05-21,2018-05-21,NA,OPEN,889115.999,560711.685,25.874516,-80.291524,"5701 NW 111TH ST
MIAMI, Florida 33012
(25.874516, -80.291524)",PHONE,3,NA,27
18-10205372,STRAY / DOG-AT-LARGE,NA,Animal_Services,Animal Services,W 28TH AVE & W 74TH ST,City_of_Hialeah,Florida,33016,District 12,20185,2018-05-24,2018-05-24,NA,OPEN,873216.811,566146.75,25.889697,-80.339793,"W 28TH AVE &amp; W 74TH ST
MIAMI, Florida 33016
(25.889697, -80.339793)",PHONE,3,NA,24
18-10198251,DOG TRAP REQUEST,NA,Animal_Services,Animal Services,1241 NE 158TH ST,City_of_North_Miami_Beach,Florida,33162,District 2,20185,2018-05-20,2018-05-21,NA,OPEN,927311.561,577875.812,25.921123,-80.17504,"1241 NE 158TH ST
MIAMI, Florida 33162
(25.921123, -80.17504)",INHOUSE,12,NA,28
18-10198347,STRAY / DOG-AT-LARGE,NA,Animal_Services,Animal Services,525 NW 36TH ST,City_of_Miami,Florida,33127,District 3,20185,2018-05-20,2018-05-21,NA,OPEN,918126,537754.801,25.810901,-80.203725,"525 NW 36TH ST
MIAMI, Florida 33127
(25.810901, -80.203725)",WEB,3,NA,28
18-10198665,STRAY / DOG-AT-LARGE,NA,Animal_Services,Animal Services,3720 NW 171ST ST,City_of_Miami_Gardens,Florida,33055,District 1,20185,2018-05-21,2018-05-21,NA,OPEN,898865.56,580636.874,25.929186,-80.261534,"3720 NW 171ST ST
MIAMI, Florida 33055
(25.929186, -80.261534)",PHONE,3,NA,27
18-10198712,STRAY / DOG-AT-LARGE,NA,Animal_Services,Animal Services,100 NE 6TH AVE,City_of_Homestead,Florida,33030,District 8,20185,2018-05-21,2018-05-24,NA,OPEN,831912.979,413851.994,25.471196,-80.46729,"100 NE 6TH AVE
HOMESTEAD, Florida 33030
(25.471196, -80.46729)",PHONE,3,NA,27
18-10206860,STRAY / DOG-AT-LARGE,NA,Animal_Services,Animal Services,SW 224TH ST & SW 112TH AVE,Miami_Dade_County,Florida,33170,District 9,20185,2018-05-25,2018-05-27,NA,OPEN,863149.726,445904.797,25.559011,-80.372153,"SW 224TH ST &amp; SW 112TH AVE
MIAMI, Florida 33170
(25.559011, -80.372153)",PHONE,3,NA,23
18-10199147,LOST PET,NA,Animal_Services,Animal Services,19708 BOBOLINK DR,Miami_Dade_County,Florida,33015,District 1,20185,2018-05-21,2018-05-21,NA,OPEN,882599.25,589131.061,25.952799,-80.310889,"19708 BOBOLINK DR
MIAMI, Florida 33015
(25.952799, -80.310889)",PHONE,3,NA,27
18-10199233,STRAY / DOG-AT-LARGE,NA,Animal_Services,Animal Services,72 W 5TH ST,City_of_Hialeah,Florida,33010,District 6,20185,2018-05-21,2018-05-21,NA,OPEN,892048.103,543166.398,25.826202,-80.282899,"72 W 5TH ST
MIAMI, Florida 33010
(25.826202, -80.282899)",PHONE,3,NA,27
18-10199340,STRAY / DOG-AT-LARGE,NA,Animal_Services,Animal Services,17500 SW 154TH PL,Miami_Dade_County,Florida,33187,District 9,20185,2018-05-21,2018-05-21,NA,OPEN,839589.748,462152.514,25.604004,-80.443408,"17500 SW 154TH PL
MIAMI, Florida 33187
(25.604004, -80.443408)",PHONE,3,NA,27
18-10199453,STRAY / DOG-AT-LARGE,NA,Animal_Services,Animal Services,17165 NW 41ST AVE,City_of_Miami_Gardens,Florida,33055,District 1,20185,2018-05-21,2018-05-21,NA,OPEN,896784.935,581055.874,25.930371,-80.267857,"17165 NW 41ST AVE
MIAMI, Florida 33055
(25.930371, -80.267857)",PHONE,3,NA,27
18-10199484,STRAY / DOG-AT-LARGE,NA,Animal_Services,Animal Services,3030 NW 162ND ST,City_of_Miami_Gardens,Florida,33054,District 1,20185,2018-05-21,2018-05-28,NA,OPEN,902205.873,577879.75,25.921549,-80.251418,"3030 NW 162ND ST
MIAMI, Florida 33054
(25.921549, -80.251418)",PHONE,3,NA,27
18-10199498,STRAY / DOG-AT-LARGE,NA,Animal_Services,Animal Services,435 NE 164TH ST,Miami_Dade_County,Florida,33162,District 2,20185,2018-05-21,2018-05-21,NA,OPEN,921894.123,579527.309,25.92576,-80.19149,"435 NE 164TH ST
MIAMI, Florida 33162
(25.92576, -80.19149)",PHONE,3,NA,27
18-10207439,STRAY / DOG-AT-LARGE,NA,Animal_Services,Animal Services,NE 69TH ST & BISCAYNE BLVD,City_of_Miami,Florida,33138,District 3,20185,2018-05-25,2018-05-25,NA,OPEN,924443.372,547980.094,25.838925,-80.184331,"NE 69TH ST &amp; BISCAYNE BLVD
MIAMI, Florida 33138
(25.838925, -80.184331)",PHONE,3,NA,23
18-10199582,LOST PET,NA,Animal_Services,Animal Services,1176 NW 47TH ST,City_of_Miami,Florida,33127,District 3,20185,2018-05-21,2018-05-21,NA,OPEN,914209.309,540265.935,25.817874,-80.215584,"1176 NW 47TH ST
MIAMI, Florida 33127
(25.817874, -80.215584)",PHONE,3,NA,27
18-10207919,STRAY / DOG-AT-LARGE,NA,Animal_Services,Animal Services,NW 57TH AVE & NW 7TH ST,City_of_Miami,Florida,33126,District 6,20185,2018-05-25,2018-05-25,NA,OPEN,890359.437,525630.374,25.777981,-80.28832,"NW 57TH AVE &amp; NW 7TH ST
MIAMI, Florida 33126
(25.777981, -80.28832)",PHONE,3,NA,23
18-10199798,LOST PET,NA,Animal_Services,Animal Services,7550 SW 31ST ST,Miami_Dade_County,Florida,33155,District 6,20185,2018-05-21,2018-05-21,NA,OPEN,880698.873,512065.184,25.7408,-80.317889,"7550 SW 31ST ST
MIAMI, Florida 33155
(25.7408, -80.317889)",PHONE,3,NA,27
18-10199840,STRAY / DOG-AT-LARGE,NA,Animal_Services,Animal Services,2125 NW 82ND ST,Miami_Dade_County,Florida,33147,District 2,20185,2018-05-21,2018-05-21,NA,OPEN,908561.747,551759.935,25.849588,-80.232547,"2125 NW 82ND ST
MIAMI, Florida 33147
(25.849588, -80.232547)",PHONE,3,NA,27
18-10199911,TETHERED DOG,NA,Animal_Services,Animal Services,546 NW 8TH CT,City_of_Florida_City,Florida,33034,District 9,20185,2018-05-21,2018-05-21,NA,OPEN,824318.313,407645.925,25.454202,-80.490381,"546 NW 8TH CT
MIAMI, Florida 33034
(25.454202, -80.490381)",INHOUSE,14,NA,27
18-10199930,STRAY / DOG-AT-LARGE,NA,Animal_Services,Animal Services,4438 NW 23RD AVE,Miami_Dade_County,Florida,33142,District 3,20185,2018-05-21,2018-05-21,NA,OPEN,908019.411,539446.205,25.815719,-80.234414,"4438 NW 23RD AVE
MIAMI, Florida 33142
(25.815719, -80.234414)",PHONE,3,NA,27
18-10200193,STRAY / DOG-AT-LARGE,NA,Animal_Services,Animal Services,14395 W DIXIE HWY,Miami_Dade_County,Florida,33161,District 2,20185,2018-05-21,2018-05-21,NA,OPEN,928944.249,573087.372,25.907921,-80.170165,"14395 W DIXIE HWY
MIAMI, Florida 33161
(25.907921, -80.170165)",PHONE,3,NA,27
18-10200609,LOST PET,NA,Animal_Services,Animal Services,2994 SW 26TH ST,City_of_Miami,Florida,33133,District 7,20185,2018-05-21,2018-05-21,NA,OPEN,905646.686,513021.219,25.743056,-80.242088,"2994 SW 26TH ST
MIAMI, Florida 33133
(25.743056, -80.242088)",PHONE,3,NA,27
18-10208919,STRAY / DOG-AT-LARGE,NA,Animal_Services,Animal Services,1155 SE 10TH CT,City_of_Hialeah,Florida,33010,District 6,20185,2018-05-27,2018-05-30,NA,OPEN,899887.971,538310.724,25.812723,-80.259149,"1155 SE 10TH CT
MIAMI, Florida 33010
(25.812723, -80.259149)",WEB,3,NA,21
18-10209764,STRAY / DOG-AT-LARGE,NA,Animal_Services,Animal Services,10701 NW 58TH ST,City_of_Doral,Florida,33178,District 12,20185,2018-05-29,2018-05-30,NA,OPEN,863272.097,543159.54,25.826588,-80.370376,"10701 NW 58TH ST
MIAMI, Florida 33178
(25.826588, -80.370376)",PHONE,3,NA,19
18-10212145,STRAY / DOG-AT-LARGE,NA,Animal_Services,Animal Services,15200 SUNSET DR,Miami_Dade_County,Florida,33193,District 11,20185,2018-05-30,2018-05-30,NA,OPEN,840925.502,496601,25.698769,-80.438912,"15200 SUNSET DR
MIAMI, Florida 33193
(25.698769, -80.438912)",PHONE,3,NA,18
18-10212185,STRAY / DOG-AT-LARGE,NA,Animal_Services,Animal Services,284 NW 46TH ST,City_of_Miami,Florida,33127,District 3,20185,2018-05-30,2018-05-30,NA,OPEN,918881.309,540158.186,25.8175,-80.201385,"284 NW 46TH ST
MIAMI, Florida 33127
(25.8175, -80.201385)",PHONE,3,NA,18
18-10212652,ILLEGAL DUMPING / LITTER,NA,COM_Code_Enforcement,COM_Code_Enforcement,4281 SW 5TH TER,City_of_Miami,Florida,33134,District 6,20185,2018-05-30,2018-05-30,NA,OPEN,898019.373,521607.218,25.766797,-80.265112,"4281 SW 5TH TER
MIAMI, Florida 33134
(25.766797, -80.265112)",WEB,7,NA,18
18-10212767,DOG TRAP REQUEST,NA,Animal_Services,Animal Services,21200 SW 115TH RD,Miami_Dade_County,Florida,33177,District 9,20185,2018-05-30,2018-05-30,NA,OPEN,860747.497,449807.656,25.56978,-80.379384,"21200 SW 115TH RD
MIAMI, Florida 33177
(25.56978, -80.379384)",PHONE,12,NA,18
18-10212834,STRAY DOG PICK UP - MD,NA,Animal_Services,Animal Services,234 NE 3RD ST,City_of_Miami,Florida,33132,District 5,20185,2018-05-30,2018-05-30,NA,OPEN,922828.137,525421.13,25.77689,-80.189664,"234 NE 3RD ST
MIAMI, Florida 33132
(25.77689, -80.189664)",PHONE,2,NA,18
18-10213030,STRAY / DOG-AT-LARGE,NA,Animal_Services,Animal Services,3550 NW 42ND AVE,City_of_Miami_Springs,Florida,33142,District 6,20185,2018-05-30,2018-05-30,NA,OPEN,898153.237,536452.289,25.807637,-80.264454,"3550 NW 42ND AVE
MIAMI, Florida 33142
(25.807637, -80.264454)",PHONE,3,NA,18
18-10213301,STRAY / DOG-AT-LARGE,NA,Animal_Services,Animal Services,6775 SW 44TH ST,Miami_Dade_County,Florida,33155,District 7,20185,2018-05-30,2018-06-04,NA,OPEN,885166.252,508296.579,25.730368,-80.304379,"6775 SW 44TH ST
MIAMI, Florida 33155
(25.730368, -80.304379)",PHONE,3,NA,18
18-10213345,ANIMAL BITE TO A PERSON,NA,Animal_Services,Animal Services,2655 LE JEUNE RD,City_of_Coral_Gables,Florida,33134,District 7,20185,2018-05-30,2018-06-04,NA,OPEN,899209.249,514605.968,25.747517,-80.261616,"2655 LE JEUNE RD
MIAMI, Florida 33134
(25.747517, -80.261616)",FAX,14,NA,18
18-10213356,ANIMAL SERVICES DOG TAG CHECK,NA,Animal_Services,Animal Services,1776 NW 78TH ST,Miami_Dade_County,Florida,33147,District 2,20185,2018-05-30,2018-06-03,NA,OPEN,910529.184,550347.497,25.84567,-80.22659,"1776 NW 78TH ST
MIAMI, Florida 33147
(25.84567, -80.22659)",PHONE,0,NA,18
18-10213421,STRAY / DOG-AT-LARGE,NA,Animal_Services,Animal Services,14415 NW 20TH AVE,City_of_Opa-Locka,Florida,33054,District 1,20185,2018-05-30,2018-05-30,NA,OPEN,908495.872,572695.248,25.907185,-80.232375,"14415 NW 20TH AVE
MIAMI, Florida 33054
(25.907185, -80.232375)",PHONE,3,NA,18
18-10213467,TETHERED DOG,NA,Animal_Services,Animal Services,11730 SW 168TH ST,Miami_Dade_County,Florida,33177,District 9,20185,2018-05-30,2018-05-30,NA,OPEN,859608.185,465217.438,25.612193,-80.382622,"11730 SW 168TH ST
MIAMI, Florida 33177
(25.612193, -80.382622)",INHOUSE,14,NA,18
18-10213639,ANIMAL BITE TO A PERSON,NA,Animal_Services,Animal Services,10600 SW 174TH TER,Miami_Dade_County,Florida,33157,District 9,20185,2018-05-30,2018-06-04,NA,OPEN,865740.686,463381.596,25.607062,-80.36404,"10600 SW 174TH TER
MIAMI, Florida 33157
(25.607062, -80.36404)",PHONE,14,NA,18
18-10213674,STRAY / DOG-AT-LARGE,NA,Animal_Services,Animal Services,3231 NW 154TH TER,City_of_Miami_Gardens,Florida,33054,District 1,20185,2018-05-30,2018-05-30,NA,OPEN,901643.035,575418.208,25.914785,-80.253173,"3231 NW 154TH TER
MIAMI, Florida 33054
(25.914785, -80.253173)",PHONE,3,NA,18
18-10213859,ANIMAL BITE TO A PERSON,NA,Animal_Services,Animal Services,8926 HAWTHORNE AVE,City_of_Surfside,Florida,33154,District 4,20185,2018-05-30,2018-06-01,NA,OPEN,942458.81,561230.373,25.875061,-80.129294,"8926 HAWTHORNE AVE
MIAMI, Florida 33154
(25.875061, -80.129294)",PHONE,14,NA,18
18-10214182,STRAY / DOG-AT-LARGE,NA,Animal_Services,Animal Services,17211 NW 24TH PL,City_of_Miami_Gardens,Florida,33056,District 1,20185,2018-05-30,2018-05-30,NA,OPEN,905236.062,581482.247,25.931412,-80.242136,"17211 NW 24TH PL
MIAMI, Florida 33056
(25.931412, -80.242136)",PHONE,3,NA,18
18-10214261,STRAY / DOG-AT-LARGE,NA,Animal_Services,Animal Services,18835 SW 351ST ST,Miami_Dade_County,Florida,33034,District 9,20185,2018-05-30,2018-05-30,NA,OPEN,822718.525,402828.605,25.440964,-80.495285,"18835 SW 351ST ST
MIAMI, Florida 33034
(25.440964, -80.495285)",PHONE,3,NA,18
18-10214285,STRAY / DOG-AT-LARGE,NA,Animal_Services,Animal Services,20280 SW 315TH ST,Miami_Dade_County,Florida,33030,District 8,20185,2018-05-30,2018-05-30,NA,OPEN,814600.316,414773.034,25.473911,-80.519755,"20280 SW 315TH ST
MIAMI, Florida 33030
(25.473911, -80.519755)",PHONE,3,NA,18
18-10199627,STRAY / DOG-AT-LARGE,NA,Animal_Services,Animal Services,E 4TH AVE & E 39TH ST,City_of_Hialeah,Florida,33013,District 13,20185,2018-05-21,2018-05-21,NA,OPEN,894697.435,554696.124,25.857882,-80.274652,"E 4TH AVE &amp; E 39TH ST
MIAMI, Florida 33013
(25.857882, -80.274652)",PHONE,3,NA,27
18-10199729,STRAY / DOG-AT-LARGE,NA,Animal_Services,Animal Services,SW 97TH AVE & SW 160TH ST,Miami_Dade_County,Florida,33157,District 9,20185,2018-05-21,2018-06-04,NA,OPEN,870748.686,468229.186,25.620332,-80.348771,"SW 97TH AVE &amp; SW 160TH ST
MIAMI, Florida 33157
(25.620332, -80.348771)",PHONE,3,NA,27
18-10200102,STRAY / DOG-AT-LARGE,NA,Animal_Services,Animal Services,NW 31ST AVE & NW 210TH TER,City_of_Miami_Gardens,Florida,33056,District 1,20185,2018-05-21,2018-05-21,NA,OPEN,901412.31,594481.5,25.967235,-80.253545,"NW 31ST AVE &amp; NW 210TH TER
MIAMI, Florida 33056
(25.967235, -80.253545)",PHONE,3,NA,27
18-10212092,STRAY / DOG-AT-LARGE,NA,Animal_Services,Animal Services,5631 NW 19TH AVE,City_of_Miami,Florida,33142,District 3,20185,2018-05-30,2018-05-31,NA,OPEN,909885.594,543473.043,25.826768,-80.228669,"5631 NW 19TH AVE
MIAMI, Florida 33142
(25.826768, -80.228669)",WEB,3,NA,18
18-10212561,ANIMAL BITE TO A PERSON,NA,Animal_Services,Animal Services,10541 SW 38TH ST,Miami_Dade_County,Florida,33165,District 10,20185,2018-05-30,2018-06-03,NA,OPEN,864844.005,509596.181,25.734225,-80.366088,"10541 SW 38TH ST
MIAMI, Florida 33165
(25.734225, -80.366088)",FAX,14,NA,18
18-10212678,ANIMAL BITE TO A PERSON,NA,Animal_Services,Animal Services,18130 NW 8TH PL,City_of_Miami_Gardens,Florida,33169,District 1,20185,2018-05-30,2018-05-31,NA,OPEN,913609.935,585037.312,25.941057,-80.216594,"18130 NW 8TH PL
MIAMI, Florida 33169
(25.941057, -80.216594)",FAX,14,NA,18
18-10212729,CAT TRAP REQUEST,NA,Animal_Services,Animal Services,1475 W 49TH PL,City_of_Hialeah,Florida,33012,District 13,20185,2018-05-30,2018-05-31,NA,OPEN,882261.573,558164.516,25.867609,-80.31241,"1475 W 49TH PL
MIAMI, Florida 33012
(25.867609, -80.31241)",PHONE,15,NA,18
18-10212753,CAT TRAP REQUEST,NA,Animal_Services,Animal Services,1475 W 49TH PL,City_of_Hialeah,Florida,33012,District 13,20185,2018-05-30,2018-05-31,NA,OPEN,882261.573,558164.516,25.867609,-80.31241,"1475 W 49TH PL
MIAMI, Florida 33012
(25.867609, -80.31241)",PHONE,15,NA,18
18-10213034,STRAY / DOG-AT-LARGE,NA,Animal_Services,Animal Services,13550 NE 5TH AVE,City_of_North_Miami,Florida,33161,District 2,20185,2018-05-30,2018-05-31,NA,OPEN,922747.123,570033.684,25.899627,-80.189074,"13550 NE 5TH AVE
MIAMI, Florida 33161
(25.899627, -80.189074)",WEB,3,NA,18
18-10214455,DOG TRAP REQUEST,NA,Animal_Services,Animal Services,997 NW 116TH ST,Miami_Dade_County,Florida,33168,District 2,20185,2018-05-31,2018-06-04,NA,OPEN,914495.435,563181.312,25.880913,-80.214298,"997 NW 116TH ST
MIAMI, Florida 33168
(25.880913, -80.214298)",INHOUSE,12,NA,17
18-10214481,STRAY / DOG-AT-LARGE,NA,Animal_Services,Animal Services,261 NW 144TH ST,Miami_Dade_County,Florida,33168,District 2,20185,2018-05-31,2018-05-31,NA,OPEN,917626.624,572725.06,25.907117,-80.204599,"261 NW 144TH ST
MIAMI, Florida 33168
(25.907117, -80.204599)",PHONE,3,NA,17
18-10213846,STRAY / DOG-AT-LARGE,NA,Animal_Services,Animal Services,6631 SW 43RD ST,Miami_Dade_County,Florida,33155,District 7,20185,2018-05-30,2018-06-04,NA,OPEN,885820.061,508496.53,25.730908,-80.302389,"6631 SW 43RD ST
MIAMI, Florida 33155
(25.730908, -80.302389)",PHONE,3,NA,18
18-10214525,STRAY / DOG-AT-LARGE,NA,Animal_Services,Animal Services,12905 NW 32ND AVE,City_of_Opa-Locka,Florida,33054,District 2,20185,2018-05-31,2018-05-31,NA,OPEN,902570.205,566865.793,25.891242,-80.250502,"12905 NW 32ND AVE
MIAMI, Florida 33054
(25.891242, -80.250502)",PHONE,3,NA,17
18-10214795,STRAY / DOG-AT-LARGE,NA,Animal_Services,Animal Services,297 NW 59TH TER,City_of_Miami,Florida,33127,District 3,20185,2018-05-31,2018-05-31,NA,OPEN,918591.754,544816.397,25.83032,-80.202179,"297 NW 59TH TER
MIAMI, Florida 33127
(25.83032, -80.202179)",PHONE,3,NA,17
18-10214996,ANIMAL SERVICES DOG TAG CHECK,NA,Animal_Services,Animal Services,365 NW 8TH ST,City_of_Miami,Florida,33136,District 3,20185,2018-05-31,2018-05-31,NA,OPEN,919066.998,527232.374,25.781936,-80.201059,"365 NW 8TH ST
MIAMI, Florida 33136
(25.781936, -80.201059)",PHONE,0,NA,17
18-10215076,LICENSE APPLICATION REQUEST,NA,Animal_Services,Animal Services,20920 SW 242ND ST,Miami_Dade_County,Florida,33031,District 8,20185,2018-05-31,2018-05-31,NA,OPEN,811048.064,438901.5,25.540334,-80.530264,"20920 SW 242ND ST
MIAMI, Florida 33031
(25.540334, -80.530264)",PHONE,14,NA,17
18-10215208,STRAY / DOG-AT-LARGE,NA,Animal_Services,Animal Services,8824 NE 10TH CT,Miami_Dade_County,Florida,33138,District 3,20185,2018-05-31,2018-05-31,NA,OPEN,927128.373,554462.625,25.856714,-80.176044,"8824 NE 10TH CT
MIAMI, Florida 33138
(25.856714, -80.176044)",PHONE,3,NA,17
18-10215314,STRAY / DOG-AT-LARGE,NA,Animal_Services,Animal Services,2551 NW 165TH TER,City_of_Miami_Gardens,Florida,33054,District 1,20185,2018-05-31,2018-05-31,NA,OPEN,904874.935,579206.874,25.925158,-80.243275,"2551 NW 165TH TER
MIAMI, Florida 33054
(25.925158, -80.243275)",PHONE,3,NA,17
18-10215285,FOUND PET,NA,Animal_Services,Animal Services,6580 SANTONA ST,City_of_Coral_Gables,Florida,33146,District 7,20185,2018-05-31,2018-06-04,NA,OPEN,892940.499,500601.228,25.709081,-80.280892,"6580 SANTONA ST
MIAMI, Florida 33146
(25.709081, -80.280892)",PHONE,10,NA,17
18-10215330,STRAY / DOG-AT-LARGE,NA,Animal_Services,Animal Services,8181 NW S RIVER DR,Town_of_Medley,Florida,33166,District 12,20185,2018-05-31,2018-05-31,NA,OPEN,881550.951,550879.804,25.847577,-80.314687,"8181 NW S RIVER DR
MIAMI, Florida 33166
(25.847577, -80.314687)",PHONE,3,NA,17
18-10215329,STRAY / DOG-AT-LARGE,NA,Animal_Services,Animal Services,19410 SW 114TH CT,Miami_Dade_County,Florida,33157,District 9,20185,2018-05-31,2018-06-02,NA,OPEN,861261.249,455713.221,25.586022,-80.377741,"19410 SW 114TH CT
MIAMI, Florida 33157
(25.586022, -80.377741)",PHONE,3,NA,17
18-10215424,STRAY / DOG-AT-LARGE,NA,Animal_Services,Animal Services,3055 NW 83RD TER,Miami_Dade_County,Florida,33147,District 2,20185,2018-05-31,2018-05-31,NA,OPEN,903691.436,552054.622,25.850476,-80.24735,"3055 NW 83RD TER
MIAMI, Florida 33147
(25.850476, -80.24735)",PHONE,3,NA,17
18-10215464,DOG TRAP REQUEST,NA,Animal_Services,Animal Services,13901 NW 17TH AVE,Miami_Dade_County,Florida,33167,District 2,20185,2018-05-31,2018-05-31,NA,OPEN,910242.434,570689.06,25.901638,-80.227098,"13901 NW 17TH AVE
MIAMI, Florida 33167
(25.901638, -80.227098)",PHONE,12,NA,17
18-10198368,STRAY / DOG-AT-LARGE,NA,Animal_Services,Animal Services,4480 NW 170TH ST,City_of_Miami_Gardens,Florida,33055,District 1,20185,2018-05-21,2018-05-22,NA,OPEN,894547.249,580172.373,25.927975,-80.27468,"4480 NW 170TH ST
MIAMI, Florida 33055
(25.927975, -80.27468)",PHONE,3,NA,27
18-10215643,STRAY / DOG-AT-LARGE,NA,Animal_Services,Animal Services,100 HAMPTON LN,Village_of_Key_Biscayne,Florida,33149,District 7,20185,2018-05-31,2018-05-31,NA,OPEN,931266.561,496685.781,25.697689,-80.164576,"100 HAMPTON LN
MIAMI, Florida 33149
(25.697689, -80.164576)",PHONE,3,NA,17
18-10199487,ANIMAL SERVICES DOG TAG CHECK,NA,Animal_Services,Animal Services,100 NW 64TH ST,City_of_Miami,Florida,33150,District 3,20185,2018-05-21,2018-06-03,NA,OPEN,919881.312,546255.997,25.834259,-80.198232,"100 NW 64TH ST
MIAMI, Florida 33150
(25.834259, -80.198232)",PHONE,0,NA,27
18-10199448,ANIMAL SERVICES DOG TAG CHECK,NA,Animal_Services,Animal Services,12401 W OKEECHOBEE RD,City_of_Hialeah_Gardens,Florida,33018,District 12,20185,2018-05-21,2018-06-04,NA,OPEN,864676.998,565035.355,25.886755,-80.365784,"12401 W OKEECHOBEE RD
MIAMI, Florida 33018
(25.886755, -80.365784)",PHONE,0,NA,27
18-10215788,ANIMAL BITE TO A PERSON,NA,Animal_Services,Animal Services,5849 NW 7TH ST,City_of_Miami,Florida,33126,District 6,20185,2018-05-31,2018-05-31,NA,OPEN,889395.247,526083.997,25.779244,-80.291243,"5849 NW 7TH ST
MIAMI, Florida 33126
(25.779244, -80.291243)",PHONE,14,NA,17
18-10200429,LOST PET,NA,Animal_Services,Animal Services,7556 MUTINY AVE,North_Bay_Village,Florida,33141,District 4,20185,2018-05-21,2018-05-22,NA,OPEN,935731.562,551033,25.847128,-80.149953,"7556 MUTINY AVE
MIAMI, Florida 33141
(25.847128, -80.149953)",PHONE,3,NA,27
18-10200833,STRAY / DOG-AT-LARGE,NA,Animal_Services,Animal Services,5299 NE 2ND AVE,City_of_Miami,Florida,33137,District 3,20185,2018-05-22,2018-05-22,NA,OPEN,922023.878,542779.366,25.824659,-80.191784,"5299 NE 2ND AVE
MIAMI, Florida 33137
(25.824659, -80.191784)",PHONE,3,NA,26
18-10200848,ANIMAL SERVICES DOG TAG CHECK,NA,Animal_Services,Animal Services,1351 NW 53RD ST,City_of_Miami,Florida,33142,District 3,20185,2018-05-22,2018-05-29,NA,OPEN,912952.684,542511.312,25.824072,-80.219363,"1351 NW 53RD ST
MIAMI, Florida 33142
(25.824072, -80.219363)",PHONE,0,NA,26
18-10200992,STRAY / DOG-AT-LARGE,NA,Animal_Services,Animal Services,3712 NW 71ST ST,City_of_Hialeah,Florida,33147,District 2,20185,2018-05-22,2018-05-22,NA,OPEN,900083.937,547296.31,25.837441,-80.2584,"3712 NW 71ST ST
MIAMI, Florida 33147
(25.837441, -80.2584)",PHONE,3,NA,26
18-10200961,STRAY / DOG-AT-LARGE,NA,Animal_Services,Animal Services,7805 SW 166TH ST,City_of_Palmetto_Bay,Florida,33157,District 8,20185,2018-05-22,2018-06-04,NA,OPEN,880607.437,467022.625,25.616876,-80.318872,"7805 SW 166TH ST
MIAMI, Florida 33157
(25.616876, -80.318872)",PHONE,3,NA,26
18-10201110,STRAY / DOG-AT-LARGE,NA,Animal_Services,Animal Services,3714 NW 207TH DR,City_of_Miami_Gardens,Florida,33055,District 1,20185,2018-05-22,2018-05-22,NA,OPEN,898407.623,592144.561,25.960853,-80.26273,"3714 NW 207TH DR
MIAMI, Florida 33055
(25.960853, -80.26273)",PHONE,3,NA,26
18-10201192,ANIMAL BITE TO A PERSON,NA,Animal_Services,Animal Services,1200 WEST AVE,City_of_Miami_Beach,Florida,33139,District 5,20185,2018-05-22,2018-06-03,NA,OPEN,938290.321,527726.275,25.782962,-80.142635,"1200 WEST AVE
MIAMI, Florida 33139
(25.782962, -80.142635)",PHONE,14,NA,26
18-10201286,LOST PET,NA,Animal_Services,Animal Services,36401 SW 214TH AVE,Miami_Dade_County,Florida,33034,District 9,20185,2018-05-22,2018-05-22,NA,OPEN,808923.029,398433.537,25.429008,-80.537136,"36401 SW 214TH AVE
MIAMI, Florida 33034
(25.429008, -80.537136)",PHONE,3,NA,26
18-10201665,STRAY / DOG-AT-LARGE,NA,Animal_Services,Animal Services,10355 SW 132ND ST,Miami_Dade_County,Florida,33176,District 8,20185,2018-05-22,2018-05-22,NA,OPEN,866498.37,477941.433,25.647111,-80.361528,"10355 SW 132ND ST
MIAMI, Florida 33176
(25.647111, -80.361528)",PHONE,3,NA,26
18-10201835,LOST PET,NA,Animal_Services,Animal Services,4327 SW 147TH PL,Miami_Dade_County,Florida,33185,District 11,20185,2018-05-22,2018-05-22,NA,OPEN,842951.564,505927.404,25.724405,-80.432638,"4327 SW 147TH PL
MIAMI, Florida 33185
(25.724405, -80.432638)",PHONE,3,NA,26
18-10201921,STRAY / DOG-AT-LARGE,NA,Animal_Services,Animal Services,705 NE 206TH TER,Miami_Dade_County,Florida,33179,District 1,20185,2018-05-22,2018-05-22,NA,OPEN,922520.872,594077.997,25.965779,-80.189309,"705 NE 206TH TER
MIAMI, Florida 33179
(25.965779, -80.189309)",PHONE,3,NA,26
18-10216054,ANIMAL BITE TO A PERSON,NA,Animal_Services,Animal Services,9965 SW 196TH ST,Town_of_Cutler_Bay,Florida,33157,District 8,20185,2018-05-31,2018-06-02,NA,OPEN,869216,455741.002,25.585994,-80.353607,"9965 SW 196TH ST
MIAMI, Florida 33157
(25.585994, -80.353607)",PHONE,14,NA,17
18-10202155,STRAY / DOG-AT-LARGE,NA,Animal_Services,Animal Services,14311 NW 16TH CT,Miami_Dade_County,Florida,33167,District 2,20185,2018-05-22,2018-05-22,NA,OPEN,910278.311,572086.561,25.905482,-80.226963,"14311 NW 16TH CT
MIAMI, Florida 33167
(25.905482, -80.226963)",PHONE,3,NA,26
18-10216132,ANIMAL BITE TO A PERSON,NA,Animal_Services,Animal Services,1040 BISCAYNE BLVD,City_of_Miami,Florida,33132,District 3,20185,2018-05-31,2018-06-04,NA,OPEN,922664.958,528237.314,25.78464,-80.190107,"1040 BISCAYNE BLVD
MIAMI, Florida 33132
(25.78464, -80.190107)",PHONE,14,NA,17
18-10202353,FOUND PET,NA,Animal_Services,Animal Services,3599 NW 79TH AVE,City_of_Doral,Florida,33122,District 12,20185,2018-05-22,2018-05-22,NA,OPEN,878310.279,536248.227,25.807368,-80.324768,"3599 NW 79TH AVE
MIAMI, Florida 33122
(25.807368, -80.324768)",PHONE,10,NA,26
18-10202388,STRAY / DOG-AT-LARGE,NA,Animal_Services,Animal Services,310 NE 58TH TER,City_of_Miami,Florida,33137,District 3,20185,2018-05-22,2018-05-22,NA,OPEN,922708.562,544345.498,25.828956,-80.189673,"310 NE 58TH TER
MIAMI, Florida 33137
(25.828956, -80.189673)",PHONE,3,NA,26
18-10216201,LOST PET,NA,Animal_Services,Animal Services,4931 NW 11TH AVE,City_of_Miami,Florida,33127,District 3,20185,2018-05-31,2018-05-31,NA,OPEN,914810.998,541371.436,25.820905,-80.213735,"4931 NW 11TH AVE
MIAMI, Florida 33127
(25.820905, -80.213735)",PHONE,3,NA,17
18-10202846,STRAY / DOG-AT-LARGE,NA,Animal_Services,Animal Services,1251 NE 158TH ST,City_of_North_Miami_Beach,Florida,33162,District 2,20185,2018-05-22,2018-05-24,NA,OPEN,927362.748,577878.312,25.921129,-80.174884,"1251 NE 158TH ST
MIAMI, Florida 33162
(25.921129, -80.174884)",PHONE,3,NA,26
18-10202858,STRAY / DOG-AT-LARGE,NA,Animal_Services,Animal Services,7900 NW 6TH AVE,City_of_Miami,Florida,33150,District 2,20185,2018-05-22,2018-05-22,NA,OPEN,916905.751,550919.823,25.84714,-80.207192,"7900 NW 6TH AVE
MIAMI, Florida 33150
(25.84714, -80.207192)",PHONE,3,NA,26
18-10202866,STRAY / DOG-AT-LARGE,NA,Animal_Services,Animal Services,570 NW 67TH ST,City_of_Miami,Florida,33150,District 3,20185,2018-05-22,2018-05-22,NA,OPEN,917156.747,546806.937,25.835821,-80.206505,"570 NW 67TH ST
MIAMI, Florida 33150
(25.835821, -80.206505)",PHONE,3,NA,26
18-10202876,TETHERED DOG,NA,Animal_Services,Animal Services,2331 NW 50TH ST,Miami_Dade_County,Florida,33142,District 3,20185,2018-05-22,2018-05-22,NA,OPEN,907671.185,541217.708,25.820598,-80.235441,"2331 NW 50TH ST
MIAMI, Florida 33142
(25.820598, -80.235441)",INHOUSE,14,NA,26
18-10216341,STRAY / DOG-AT-LARGE,NA,Animal_Services,Animal Services,1705 NW 7TH ST,City_of_Miami,Florida,33125,District 5,20185,2018-05-31,2018-05-31,NA,OPEN,911870.562,526592,25.780292,-80.222938,"1705 NW 7TH ST
MIAMI, Florida 33125
(25.780292, -80.222938)",PHONE,3,NA,17
18-10216385,TETHERED DOG,NA,Animal_Services,Animal Services,2041 NW 33RD ST,City_of_Miami,Florida,33142,District 3,20185,2018-05-31,2018-05-31,NA,OPEN,909577.311,536253.622,25.806911,-80.229735,"2041 NW 33RD ST
MIAMI, Florida 33142
(25.806911, -80.229735)",PHONE,14,NA,17
18-10216443,STRAY / DOG-AT-LARGE,NA,Animal_Services,Animal Services,730 NW 36TH ST,City_of_Miami,Florida,33127,District 3,20185,2018-05-31,2018-05-31,NA,OPEN,916666.526,537307.128,25.809693,-80.208169,"730 NW 36TH ST
MIAMI, Florida 33127
(25.809693, -80.208169)",PHONE,3,NA,17
18-10200843,LOST PET,NA,Animal_Services,Animal Services,2835 SW 23RD TER,City_of_Miami,Florida,33145,District 7,20185,2018-05-22,2018-05-23,NA,OPEN,906244.31,514740.406,25.747776000000002,-80.240242,"2835 SW 23RD TER
MIAMI, Florida 33145
(25.747776, -80.240242)",PHONE,3,NA,26
18-10202927,STRAY / DOG-AT-LARGE,NA,Animal_Services,Animal Services,997 NW 116TH ST,Miami_Dade_County,Florida,33168,District 2,20185,2018-05-23,2018-05-23,NA,OPEN,914495.435,563181.312,25.880913,-80.214298,"997 NW 116TH ST
MIAMI, Florida 33168
(25.880913, -80.214298)",WEB,3,NA,25
18-10202930,STRAY / DOG-AT-LARGE,NA,Animal_Services,Animal Services,7935 W 30TH CT,City_of_Hialeah,Florida,33018,District 12,20185,2018-05-23,2018-05-23,NA,OPEN,871516.521,567737.816,25.894098,-80.344941,"7935 W 30TH CT
MIAMI, Florida 33018
(25.894098, -80.344941)",IPHONE,3,NA,25
18-10202957,STRAY / DOG-AT-LARGE,NA,Animal_Services,Animal Services,20521 NW 17TH AVE,City_of_Miami_Gardens,Florida,33056,District 1,20185,2018-05-23,2018-05-27,NA,OPEN,908105.5,592973.735,25.962981,-80.233201,"20521 NW 17TH AVE
MIAMI, Florida 33056
(25.962981, -80.233201)",PHONE,3,NA,25
18-10202768,STRAY / DOG-AT-LARGE,NA,Animal_Services,Animal Services,14340 NW 74TH AVE,City_of_Miami_Lakes,Florida,33014,District 13,20185,2018-05-22,2018-05-23,NA,OPEN,879450.874,571386.373,25.904025,-80.320749,"14340 NW 74TH AVE
MIAMI, Florida 33014
(25.904025, -80.320749)",PHONE,3,NA,26
18-10202871,CAT TRAP REQUEST,NA,Animal_Services,Animal Services,200 NW 77TH ST,City_of_Miami,Florida,33150,District 3,20185,2018-05-22,2018-05-23,NA,OPEN,918893.516,550245.726,25.845252,-80.201161,"200 NW 77TH ST
MIAMI, Florida 33150
(25.845252, -80.201161)",INHOUSE,15,NA,26
18-10203255,STRAY / DOG-AT-LARGE,NA,Animal_Services,Animal Services,8343 NW 12TH AVE,Miami_Dade_County,Florida,33150,District 2,20185,2018-05-23,2018-05-23,NA,OPEN,913642.937,552417.186,25.851313,-80.217086,"8343 NW 12TH AVE
MIAMI, Florida 33150
(25.851313, -80.217086)",PHONE,3,NA,25
18-10203321,STRAY / DOG-AT-LARGE,NA,Animal_Services,Animal Services,1840 W 49TH ST,City_of_Hialeah,Florida,33012,District 13,20185,2018-05-23,2018-05-23,NA,OPEN,879867.209,557544.58,25.865937,-80.319701,"1840 W 49TH ST
MIAMI, Florida 33012
(25.865937, -80.319701)",PHONE,3,NA,25
18-10203552,STRAY / DOG-AT-LARGE,NA,Animal_Services,Animal Services,102 SW 6TH AVE,City_of_Miami,Florida,33130,District 5,20185,2018-05-23,2018-05-23,NA,OPEN,917906.633,523809.388,25.772538,-80.204648,"102 SW 6TH AVE
MIAMI, Florida 33130
(25.772538, -80.204648)",PHONE,3,NA,25
18-10203786,LOST PET,NA,Animal_Services,Animal Services,15020 FILLMORE ST,Miami_Dade_County,Florida,33176,District 9,20185,2018-05-23,2018-05-23,NA,OPEN,863701.625,471401.278,25.629154,-80.370111,"15020 FILLMORE ST
MIAMI, Florida 33176
(25.629154, -80.370111)",PHONE,3,NA,25
18-10203873,STRAY / DOG-AT-LARGE,NA,Animal_Services,Animal Services,77 NW 72ND ST,City_of_Miami,Florida,33150,District 3,20185,2018-05-23,2018-05-23,NA,OPEN,919809.81,548878.936,25.841477,-80.198401,"77 NW 72ND ST
MIAMI, Florida 33150
(25.841477, -80.198401)",PHONE,3,NA,25
18-10204126,STRAY / DOG-AT-LARGE,NA,Animal_Services,Animal Services,1221 NW 88TH ST,Miami_Dade_County,Florida,33147,District 2,20185,2018-05-23,2018-05-23,NA,OPEN,913304.875,553815.247,25.855165,-80.218088,"1221 NW 88TH ST
MIAMI, Florida 33147
(25.855165, -80.218088)",PHONE,3,NA,25
18-10204270,STRAY / DOG-AT-LARGE,NA,Animal_Services,Animal Services,1066 NW 74TH ST,Miami_Dade_County,Florida,33150,District 3,20185,2018-05-23,2018-05-23,NA,OPEN,914533.812,549140.937,25.842285,-80.214436,"1066 NW 74TH ST
MIAMI, Florida 33150
(25.842285, -80.214436)",PHONE,3,NA,25
18-10204395,STRAY / DOG-AT-LARGE,NA,Animal_Services,Animal Services,8146 NW 24TH AVE,Miami_Dade_County,Florida,33147,District 2,20185,2018-05-23,2018-05-23,NA,OPEN,906787.062,551471.248,25.848822,-80.237948,"8146 NW 24TH AVE
MIAMI, Florida 33147
(25.848822, -80.237948)",PHONE,3,NA,25
18-10204497,TETHERED DOG,NA,Animal_Services,Animal Services,2143 NW 66TH ST,Miami_Dade_County,Florida,33147,District 3,20185,2018-05-23,2018-05-23,NA,OPEN,908832.965,546436.317,25.834937,-80.231817,"2143 NW 66TH ST
MIAMI, Florida 33147
(25.834937, -80.231817)",INHOUSE,14,NA,25
